_id,CustomerProfileId,ProductId,ReviewDate,Rank,Remarks
5f7415b6fc13ae4bad000000,14,1,2020-05-13T22:20:03Z,6,"Nam ultrices, libero non mattis pulvinar, nulla pede ullamcorper augue, a suscipit nulla elit ac nulla. Sed vel enim sit amet nunc viverra dapibus. Nulla suscipit ligula in lacus."
5f7415b6fc13ae4bad000001,29,17,2020-01-15T14:49:31Z,1,In congue. Etiam justo. Etiam pretium iaculis justo.
5f7415b6fc13ae4bad000002,20,32,2020-01-06T09:32:28Z,10,"Quisque id justo sit amet sapien dignissim vestibulum. Vestibulum ante ipsum primis in faucibus orci luctus et ultrices posuere cubilia Curae; Nulla dapibus dolor vel est. Donec odio justo, sollicitudin ut, suscipit a, feugiat et, eros."
5f7415b6fc13ae4bad000003,35,25,2019-10-06T17:41:01Z,7,"Praesent blandit. Nam nulla. Integer pede justo, lacinia eget, tincidunt eget, tempus vel, pede."
5f7415b6fc13ae4bad000004,32,4,2020-05-11T00:18:40Z,2,"Mauris enim leo, rhoncus sed, vestibulum sit amet, cursus id, turpis. Integer aliquet, massa id lobortis convallis, tortor risus dapibus augue, vel accumsan tellus nisi eu orci. Mauris lacinia sapien quis libero."
5f7415b6fc13ae4bad000005,25,46,2020-03-16T06:27:06Z,1,Fusce consequat. Nulla nisl. Nunc nisl.
5f7415b6fc13ae4bad000006,6,48,2019-10-07T09:39:06Z,10,Pellentesque at nulla. Suspendisse potenti. Cras in purus eu magna vulputate luctus.
5f7415b6fc13ae4bad000007,32,48,2020-02-16T22:57:04Z,8,Aenean lectus. Pellentesque eget nunc. Donec quis orci eget orci vehicula condimentum.
5f7415b6fc13ae4bad000008,35,29,2019-11-25T23:27:23Z,5,Praesent id massa id nisl venenatis lacinia. Aenean sit amet justo. Morbi ut odio.
5f7415b6fc13ae4bad000009,24,24,2020-02-22T11:23:45Z,1,"Cras mi pede, malesuada in, imperdiet et, commodo vulputate, justo. In blandit ultrices enim. Lorem ipsum dolor sit amet, consectetuer adipiscing elit."
5f7415b6fc13ae4bad00000a,32,6,2020-06-16T22:17:23Z,2,Phasellus sit amet erat. Nulla tempus. Vivamus in felis eu sapien cursus vestibulum.
5f7415b6fc13ae4bad00000b,2,6,2020-01-18T01:37:56Z,8,Aenean lectus. Pellentesque eget nunc. Donec quis orci eget orci vehicula condimentum.
5f7415b6fc13ae4bad00000c,30,42,2020-03-27T07:57:42Z,9,Suspendisse potenti. In eleifend quam a odio. In hac habitasse platea dictumst.
5f7415b6fc13ae4bad00000d,6,4,2019-11-18T14:15:56Z,2,Nulla ut erat id mauris vulputate elementum. Nullam varius. Nulla facilisi.
5f7415b6fc13ae4bad00000e,13,9,2019-11-11T05:24:46Z,8,Etiam vel augue. Vestibulum rutrum rutrum neque. Aenean auctor gravida sem.
5f7415b6fc13ae4bad00000f,50,20,2019-10-16T04:03:15Z,10,"Vestibulum quam sapien, varius ut, blandit non, interdum in, ante. Vestibulum ante ipsum primis in faucibus orci luctus et ultrices posuere cubilia Curae; Duis faucibus accumsan odio. Curabitur convallis."
5f7415b6fc13ae4bad000010,4,42,2020-03-21T08:50:31Z,5,"Vestibulum quam sapien, varius ut, blandit non, interdum in, ante. Vestibulum ante ipsum primis in faucibus orci luctus et ultrices posuere cubilia Curae; Duis faucibus accumsan odio. Curabitur convallis."
5f7415b6fc13ae4bad000011,4,4,2020-08-08T12:29:44Z,8,"Quisque id justo sit amet sapien dignissim vestibulum. Vestibulum ante ipsum primis in faucibus orci luctus et ultrices posuere cubilia Curae; Nulla dapibus dolor vel est. Donec odio justo, sollicitudin ut, suscipit a, feugiat et, eros."
5f7415b6fc13ae4bad000012,17,37,2020-02-20T13:10:45Z,10,Aenean lectus. Pellentesque eget nunc. Donec quis orci eget orci vehicula condimentum.
5f7415b6fc13ae4bad000013,44,2,2020-09-21T18:51:25Z,3,Nullam porttitor lacus at turpis. Donec posuere metus vitae ipsum. Aliquam non mauris.
5f7415b6fc13ae4bad000014,12,46,2020-08-13T08:20:03Z,4,Maecenas ut massa quis augue luctus tincidunt. Nulla mollis molestie lorem. Quisque ut erat.
5f7415b6fc13ae4bad000015,32,7,2019-11-06T02:49:01Z,3,Phasellus in felis. Donec semper sapien a libero. Nam dui.
5f7415b6fc13ae4bad000016,10,7,2020-03-14T06:33:42Z,3,Maecenas ut massa quis augue luctus tincidunt. Nulla mollis molestie lorem. Quisque ut erat.
5f7415b6fc13ae4bad000017,35,16,2020-09-14T16:25:42Z,9,Pellentesque at nulla. Suspendisse potenti. Cras in purus eu magna vulputate luctus.
5f7415b6fc13ae4bad000018,37,9,2020-04-04T06:39:06Z,6,"Sed sagittis. Nam congue, risus semper porta volutpat, quam pede lobortis ligula, sit amet eleifend pede libero quis orci. Nullam molestie nibh in lectus."
5f7415b6fc13ae4bad000019,12,47,2019-11-09T03:33:03Z,5,Phasellus sit amet erat. Nulla tempus. Vivamus in felis eu sapien cursus vestibulum.
5f7415b6fc13ae4bad00001a,12,27,2020-05-18T20:25:57Z,7,"Vestibulum quam sapien, varius ut, blandit non, interdum in, ante. Vestibulum ante ipsum primis in faucibus orci luctus et ultrices posuere cubilia Curae; Duis faucibus accumsan odio. Curabitur convallis."
5f7415b6fc13ae4bad00001b,38,19,2020-04-17T02:30:20Z,4,Integer tincidunt ante vel ipsum. Praesent blandit lacinia erat. Vestibulum sed magna at nunc commodo placerat.
5f7415b6fc13ae4bad00001c,47,32,2020-05-12T19:06:43Z,8,Sed ante. Vivamus tortor. Duis mattis egestas metus.
5f7415b6fc13ae4bad00001d,28,20,2020-07-11T12:16:14Z,1,"Proin eu mi. Nulla ac enim. In tempor, turpis nec euismod scelerisque, quam turpis adipiscing lorem, vitae mattis nibh ligula nec sem."
5f7415b6fc13ae4bad00001e,20,36,2020-04-08T17:29:57Z,10,In congue. Etiam justo. Etiam pretium iaculis justo.
5f7415b6fc13ae4bad00001f,49,18,2020-03-26T20:38:39Z,3,"Maecenas leo odio, condimentum id, luctus nec, molestie sed, justo. Pellentesque viverra pede ac diam. Cras pellentesque volutpat dui."
5f7415b6fc13ae4bad000020,32,42,2019-11-27T16:31:36Z,2,"Maecenas leo odio, condimentum id, luctus nec, molestie sed, justo. Pellentesque viverra pede ac diam. Cras pellentesque volutpat dui."
5f7415b6fc13ae4bad000021,19,42,2020-09-07T22:40:22Z,1,Praesent id massa id nisl venenatis lacinia. Aenean sit amet justo. Morbi ut odio.
5f7415b6fc13ae4bad000022,23,47,2020-06-13T12:21:53Z,1,"Curabitur at ipsum ac tellus semper interdum. Mauris ullamcorper purus sit amet nulla. Quisque arcu libero, rutrum ac, lobortis vel, dapibus at, diam."
5f7415b6fc13ae4bad000023,31,25,2019-12-15T10:45:33Z,1,"Maecenas tristique, est et tempus semper, est quam pharetra magna, ac consequat metus sapien ut nunc. Vestibulum ante ipsum primis in faucibus orci luctus et ultrices posuere cubilia Curae; Mauris viverra diam vitae quam. Suspendisse potenti."
5f7415b6fc13ae4bad000024,26,36,2020-02-03T19:54:34Z,1,"Maecenas tristique, est et tempus semper, est quam pharetra magna, ac consequat metus sapien ut nunc. Vestibulum ante ipsum primis in faucibus orci luctus et ultrices posuere cubilia Curae; Mauris viverra diam vitae quam. Suspendisse potenti."
5f7415b6fc13ae4bad000025,19,23,2020-09-21T11:41:26Z,1,Duis bibendum. Morbi non quam nec dui luctus rutrum. Nulla tellus.
5f7415b6fc13ae4bad000026,22,14,2020-07-15T18:09:02Z,7,"Mauris enim leo, rhoncus sed, vestibulum sit amet, cursus id, turpis. Integer aliquet, massa id lobortis convallis, tortor risus dapibus augue, vel accumsan tellus nisi eu orci. Mauris lacinia sapien quis libero."
5f7415b6fc13ae4bad000027,3,42,2020-04-10T09:25:56Z,7,"Vestibulum quam sapien, varius ut, blandit non, interdum in, ante. Vestibulum ante ipsum primis in faucibus orci luctus et ultrices posuere cubilia Curae; Duis faucibus accumsan odio. Curabitur convallis."
5f7415b6fc13ae4bad000028,2,8,2019-10-29T23:46:33Z,9,Fusce consequat. Nulla nisl. Nunc nisl.
5f7415b6fc13ae4bad000029,6,39,2020-04-28T15:03:06Z,9,"Proin leo odio, porttitor id, consequat in, consequat ut, nulla. Sed accumsan felis. Ut at dolor quis odio consequat varius."
5f7415b6fc13ae4bad00002a,8,14,2019-10-17T10:49:02Z,2,In hac habitasse platea dictumst. Etiam faucibus cursus urna. Ut tellus.
5f7415b6fc13ae4bad00002b,1,14,2020-03-19T15:43:02Z,3,"In sagittis dui vel nisl. Duis ac nibh. Fusce lacus purus, aliquet at, feugiat non, pretium quis, lectus."
5f7415b6fc13ae4bad00002c,37,40,2020-08-02T03:09:23Z,10,"In hac habitasse platea dictumst. Morbi vestibulum, velit id pretium iaculis, diam erat fermentum justo, nec condimentum neque sapien placerat ante. Nulla justo."
5f7415b6fc13ae4bad00002d,6,48,2020-08-13T04:44:36Z,3,"Cras mi pede, malesuada in, imperdiet et, commodo vulputate, justo. In blandit ultrices enim. Lorem ipsum dolor sit amet, consectetuer adipiscing elit."
5f7415b6fc13ae4bad00002e,27,31,2020-07-31T05:49:58Z,9,"Aenean fermentum. Donec ut mauris eget massa tempor convallis. Nulla neque libero, convallis eget, eleifend luctus, ultricies eu, nibh."
5f7415b6fc13ae4bad00002f,18,36,2020-06-19T05:41:26Z,10,"Fusce posuere felis sed lacus. Morbi sem mauris, laoreet ut, rhoncus aliquet, pulvinar sed, nisl. Nunc rhoncus dui vel sem."
5f7415b6fc13ae4bad000030,9,12,2019-10-17T16:09:05Z,10,Duis aliquam convallis nunc. Proin at turpis a pede posuere nonummy. Integer non velit.
5f7415b6fc13ae4bad000031,20,45,2019-12-26T14:46:49Z,4,Fusce consequat. Nulla nisl. Nunc nisl.
5f7415b6fc13ae4bad000032,6,13,2020-01-23T02:13:20Z,2,"Nam ultrices, libero non mattis pulvinar, nulla pede ullamcorper augue, a suscipit nulla elit ac nulla. Sed vel enim sit amet nunc viverra dapibus. Nulla suscipit ligula in lacus."
5f7415b6fc13ae4bad000033,11,44,2020-04-02T23:54:47Z,6,"Donec diam neque, vestibulum eget, vulputate ut, ultrices vel, augue. Vestibulum ante ipsum primis in faucibus orci luctus et ultrices posuere cubilia Curae; Donec pharetra, magna vestibulum aliquet ultrices, erat tortor sollicitudin mi, sit amet lobortis sapien sapien non mi. Integer ac neque."
5f7415b6fc13ae4bad000034,21,46,2019-10-17T13:53:04Z,4,"Duis bibendum, felis sed interdum venenatis, turpis enim blandit mi, in porttitor pede justo eu massa. Donec dapibus. Duis at velit eu est congue elementum."
5f7415b6fc13ae4bad000035,36,40,2020-09-13T13:38:22Z,6,"Curabitur at ipsum ac tellus semper interdum. Mauris ullamcorper purus sit amet nulla. Quisque arcu libero, rutrum ac, lobortis vel, dapibus at, diam."
5f7415b6fc13ae4bad000036,11,39,2020-08-30T06:21:49Z,6,"Sed sagittis. Nam congue, risus semper porta volutpat, quam pede lobortis ligula, sit amet eleifend pede libero quis orci. Nullam molestie nibh in lectus."
5f7415b6fc13ae4bad000037,18,18,2019-10-10T07:03:42Z,4,In hac habitasse platea dictumst. Etiam faucibus cursus urna. Ut tellus.
5f7415b6fc13ae4bad000038,16,10,2020-09-01T20:32:54Z,6,Duis consequat dui nec nisi volutpat eleifend. Donec ut dolor. Morbi vel lectus in quam fringilla rhoncus.
5f7415b6fc13ae4bad000039,29,42,2020-06-15T14:56:57Z,7,"Sed sagittis. Nam congue, risus semper porta volutpat, quam pede lobortis ligula, sit amet eleifend pede libero quis orci. Nullam molestie nibh in lectus."
5f7415b6fc13ae4bad00003a,15,11,2020-09-08T20:58:02Z,10,"Lorem ipsum dolor sit amet, consectetuer adipiscing elit. Proin risus. Praesent lectus."
5f7415b6fc13ae4bad00003b,31,32,2020-06-02T15:09:28Z,4,Nullam porttitor lacus at turpis. Donec posuere metus vitae ipsum. Aliquam non mauris.
5f7415b6fc13ae4bad00003c,11,46,2020-04-30T03:03:09Z,7,In congue. Etiam justo. Etiam pretium iaculis justo.
5f7415b6fc13ae4bad00003d,44,30,2020-01-14T02:45:45Z,5,Integer ac leo. Pellentesque ultrices mattis odio. Donec vitae nisi.
5f7415b6fc13ae4bad00003e,40,18,2020-02-26T22:23:04Z,5,Pellentesque at nulla. Suspendisse potenti. Cras in purus eu magna vulputate luctus.
5f7415b6fc13ae4bad00003f,46,34,2019-11-24T18:07:22Z,2,Aliquam quis turpis eget elit sodales scelerisque. Mauris sit amet eros. Suspendisse accumsan tortor quis turpis.
5f7415b6fc13ae4bad000040,16,12,2020-02-11T10:17:14Z,7,Cras non velit nec nisi vulputate nonummy. Maecenas tincidunt lacus at velit. Vivamus vel nulla eget eros elementum pellentesque.
5f7415b6fc13ae4bad000041,5,26,2020-06-22T05:37:18Z,7,Phasellus in felis. Donec semper sapien a libero. Nam dui.
5f7415b6fc13ae4bad000042,26,24,2020-05-25T00:03:33Z,8,Fusce consequat. Nulla nisl. Nunc nisl.
5f7415b6fc13ae4bad000043,35,30,2020-02-16T14:12:12Z,2,"Curabitur gravida nisi at nibh. In hac habitasse platea dictumst. Aliquam augue quam, sollicitudin vitae, consectetuer eget, rutrum at, lorem."
5f7415b6fc13ae4bad000044,4,15,2019-10-30T22:34:54Z,1,Phasellus sit amet erat. Nulla tempus. Vivamus in felis eu sapien cursus vestibulum.
5f7415b6fc13ae4bad000045,7,40,2020-04-06T00:43:01Z,4,Integer tincidunt ante vel ipsum. Praesent blandit lacinia erat. Vestibulum sed magna at nunc commodo placerat.
5f7415b6fc13ae4bad000046,37,19,2019-10-30T20:36:54Z,3,"Vestibulum quam sapien, varius ut, blandit non, interdum in, ante. Vestibulum ante ipsum primis in faucibus orci luctus et ultrices posuere cubilia Curae; Duis faucibus accumsan odio. Curabitur convallis."
5f7415b6fc13ae4bad000047,24,36,2020-01-09T07:20:03Z,2,"In hac habitasse platea dictumst. Morbi vestibulum, velit id pretium iaculis, diam erat fermentum justo, nec condimentum neque sapien placerat ante. Nulla justo."
5f7415b6fc13ae4bad000048,47,20,2019-12-06T23:04:02Z,1,Maecenas ut massa quis augue luctus tincidunt. Nulla mollis molestie lorem. Quisque ut erat.
5f7415b6fc13ae4bad000049,17,35,2020-06-16T15:12:51Z,5,"Aenean fermentum. Donec ut mauris eget massa tempor convallis. Nulla neque libero, convallis eget, eleifend luctus, ultricies eu, nibh."
5f7415b6fc13ae4bad00004a,16,23,2020-08-18T19:45:07Z,10,"In sagittis dui vel nisl. Duis ac nibh. Fusce lacus purus, aliquet at, feugiat non, pretium quis, lectus."
5f7415b6fc13ae4bad00004b,46,19,2020-03-31T08:07:49Z,10,In quis justo. Maecenas rhoncus aliquam lacus. Morbi quis tortor id nulla ultrices aliquet.
5f7415b6fc13ae4bad00004c,40,4,2020-09-21T09:53:57Z,5,"Morbi non lectus. Aliquam sit amet diam in magna bibendum imperdiet. Nullam orci pede, venenatis non, sodales sed, tincidunt eu, felis."
5f7415b6fc13ae4bad00004d,12,48,2020-05-26T12:52:04Z,7,"Lorem ipsum dolor sit amet, consectetuer adipiscing elit. Proin risus. Praesent lectus."
5f7415b6fc13ae4bad00004e,45,28,2020-03-14T02:47:52Z,10,Nullam porttitor lacus at turpis. Donec posuere metus vitae ipsum. Aliquam non mauris.
5f7415b6fc13ae4bad00004f,7,22,2020-08-12T18:02:35Z,2,"Curabitur gravida nisi at nibh. In hac habitasse platea dictumst. Aliquam augue quam, sollicitudin vitae, consectetuer eget, rutrum at, lorem."
5f7415b6fc13ae4bad000050,26,49,2019-10-31T02:26:28Z,5,"Quisque id justo sit amet sapien dignissim vestibulum. Vestibulum ante ipsum primis in faucibus orci luctus et ultrices posuere cubilia Curae; Nulla dapibus dolor vel est. Donec odio justo, sollicitudin ut, suscipit a, feugiat et, eros."
5f7415b7fc13ae4bad000051,17,14,2019-10-28T01:08:03Z,6,"Curabitur gravida nisi at nibh. In hac habitasse platea dictumst. Aliquam augue quam, sollicitudin vitae, consectetuer eget, rutrum at, lorem."
5f7415b7fc13ae4bad000052,9,49,2019-10-16T21:50:46Z,4,"Maecenas tristique, est et tempus semper, est quam pharetra magna, ac consequat metus sapien ut nunc. Vestibulum ante ipsum primis in faucibus orci luctus et ultrices posuere cubilia Curae; Mauris viverra diam vitae quam. Suspendisse potenti."
5f7415b7fc13ae4bad000053,22,18,2020-07-25T22:58:59Z,9,Nulla ut erat id mauris vulputate elementum. Nullam varius. Nulla facilisi.
5f7415b7fc13ae4bad000054,47,48,2020-04-25T01:10:44Z,7,"Vestibulum quam sapien, varius ut, blandit non, interdum in, ante. Vestibulum ante ipsum primis in faucibus orci luctus et ultrices posuere cubilia Curae; Duis faucibus accumsan odio. Curabitur convallis."
5f7415b7fc13ae4bad000055,18,22,2020-08-17T06:50:15Z,7,Cras non velit nec nisi vulputate nonummy. Maecenas tincidunt lacus at velit. Vivamus vel nulla eget eros elementum pellentesque.
5f7415b7fc13ae4bad000056,3,29,2020-02-03T07:51:03Z,4,"Curabitur in libero ut massa volutpat convallis. Morbi odio odio, elementum eu, interdum eu, tincidunt in, leo. Maecenas pulvinar lobortis est."
5f7415b7fc13ae4bad000057,34,31,2020-04-23T17:57:09Z,2,Maecenas ut massa quis augue luctus tincidunt. Nulla mollis molestie lorem. Quisque ut erat.
5f7415b7fc13ae4bad000058,32,18,2019-12-08T01:50:20Z,6,"Mauris enim leo, rhoncus sed, vestibulum sit amet, cursus id, turpis. Integer aliquet, massa id lobortis convallis, tortor risus dapibus augue, vel accumsan tellus nisi eu orci. Mauris lacinia sapien quis libero."
5f7415b7fc13ae4bad000059,18,48,2020-02-12T09:14:11Z,3,"Lorem ipsum dolor sit amet, consectetuer adipiscing elit. Proin risus. Praesent lectus."
5f7415b7fc13ae4bad00005a,14,4,2019-11-23T08:04:27Z,6,"Morbi porttitor lorem id ligula. Suspendisse ornare consequat lectus. In est risus, auctor sed, tristique in, tempus sit amet, sem."
5f7415b7fc13ae4bad00005b,33,9,2020-05-11T09:25:29Z,5,"Proin eu mi. Nulla ac enim. In tempor, turpis nec euismod scelerisque, quam turpis adipiscing lorem, vitae mattis nibh ligula nec sem."
5f7415b7fc13ae4bad00005c,29,33,2020-06-18T01:38:23Z,2,"Vestibulum ac est lacinia nisi venenatis tristique. Fusce congue, diam id ornare imperdiet, sapien urna pretium nisl, ut volutpat sapien arcu sed augue. Aliquam erat volutpat."
5f7415b7fc13ae4bad00005d,37,2,2020-08-30T00:56:29Z,9,"In sagittis dui vel nisl. Duis ac nibh. Fusce lacus purus, aliquet at, feugiat non, pretium quis, lectus."
5f7415b7fc13ae4bad00005e,1,11,2020-06-17T16:04:39Z,7,In quis justo. Maecenas rhoncus aliquam lacus. Morbi quis tortor id nulla ultrices aliquet.
5f7415b7fc13ae4bad00005f,27,7,2020-07-05T15:34:26Z,7,"Vestibulum ac est lacinia nisi venenatis tristique. Fusce congue, diam id ornare imperdiet, sapien urna pretium nisl, ut volutpat sapien arcu sed augue. Aliquam erat volutpat."
5f7415b7fc13ae4bad000060,48,39,2020-09-10T17:44:53Z,5,"Morbi porttitor lorem id ligula. Suspendisse ornare consequat lectus. In est risus, auctor sed, tristique in, tempus sit amet, sem."
5f7415b7fc13ae4bad000061,32,35,2020-05-27T13:32:28Z,4,"Donec diam neque, vestibulum eget, vulputate ut, ultrices vel, augue. Vestibulum ante ipsum primis in faucibus orci luctus et ultrices posuere cubilia Curae; Donec pharetra, magna vestibulum aliquet ultrices, erat tortor sollicitudin mi, sit amet lobortis sapien sapien non mi. Integer ac neque."
5f7415b7fc13ae4bad000062,27,20,2020-09-01T14:32:54Z,2,In quis justo. Maecenas rhoncus aliquam lacus. Morbi quis tortor id nulla ultrices aliquet.
5f7415b7fc13ae4bad000063,29,15,2020-03-24T21:03:49Z,1,"Proin interdum mauris non ligula pellentesque ultrices. Phasellus id sapien in sapien iaculis congue. Vivamus metus arcu, adipiscing molestie, hendrerit at, vulputate vitae, nisl."
5f7415b7fc13ae4bad000064,17,1,2019-12-20T12:37:25Z,5,Integer ac leo. Pellentesque ultrices mattis odio. Donec vitae nisi.
5f7415b7fc13ae4bad000065,16,50,2020-05-15T13:34:07Z,6,"Aenean fermentum. Donec ut mauris eget massa tempor convallis. Nulla neque libero, convallis eget, eleifend luctus, ultricies eu, nibh."
5f7415b7fc13ae4bad000066,43,42,2020-03-22T02:57:18Z,8,Nullam porttitor lacus at turpis. Donec posuere metus vitae ipsum. Aliquam non mauris.
5f7415b7fc13ae4bad000067,33,32,2019-10-20T22:42:37Z,10,In quis justo. Maecenas rhoncus aliquam lacus. Morbi quis tortor id nulla ultrices aliquet.
5f7415b7fc13ae4bad000068,13,16,2019-11-05T04:43:48Z,6,"Curabitur gravida nisi at nibh. In hac habitasse platea dictumst. Aliquam augue quam, sollicitudin vitae, consectetuer eget, rutrum at, lorem."
5f7415b7fc13ae4bad000069,33,46,2019-10-05T16:29:01Z,10,"Aenean fermentum. Donec ut mauris eget massa tempor convallis. Nulla neque libero, convallis eget, eleifend luctus, ultricies eu, nibh."
5f7415b7fc13ae4bad00006a,3,37,2020-03-09T12:42:49Z,7,"Donec diam neque, vestibulum eget, vulputate ut, ultrices vel, augue. Vestibulum ante ipsum primis in faucibus orci luctus et ultrices posuere cubilia Curae; Donec pharetra, magna vestibulum aliquet ultrices, erat tortor sollicitudin mi, sit amet lobortis sapien sapien non mi. Integer ac neque."
5f7415b7fc13ae4bad00006b,38,30,2020-03-02T23:52:51Z,9,"Duis bibendum, felis sed interdum venenatis, turpis enim blandit mi, in porttitor pede justo eu massa. Donec dapibus. Duis at velit eu est congue elementum."
5f7415b7fc13ae4bad00006c,34,22,2019-11-26T11:45:24Z,5,"Vestibulum ac est lacinia nisi venenatis tristique. Fusce congue, diam id ornare imperdiet, sapien urna pretium nisl, ut volutpat sapien arcu sed augue. Aliquam erat volutpat."
5f7415b7fc13ae4bad00006d,22,12,2019-11-18T01:11:20Z,1,Duis consequat dui nec nisi volutpat eleifend. Donec ut dolor. Morbi vel lectus in quam fringilla rhoncus.
5f7415b7fc13ae4bad00006e,40,8,2020-04-19T12:43:38Z,1,"Vestibulum quam sapien, varius ut, blandit non, interdum in, ante. Vestibulum ante ipsum primis in faucibus orci luctus et ultrices posuere cubilia Curae; Duis faucibus accumsan odio. Curabitur convallis."
5f7415b7fc13ae4bad00006f,48,47,2020-01-23T04:04:54Z,8,"Vestibulum ac est lacinia nisi venenatis tristique. Fusce congue, diam id ornare imperdiet, sapien urna pretium nisl, ut volutpat sapien arcu sed augue. Aliquam erat volutpat."
5f7415b7fc13ae4bad000070,18,46,2019-12-03T12:45:54Z,3,Nulla ut erat id mauris vulputate elementum. Nullam varius. Nulla facilisi.
5f7415b7fc13ae4bad000071,50,42,2020-02-15T07:31:52Z,8,Fusce consequat. Nulla nisl. Nunc nisl.
5f7415b7fc13ae4bad000072,2,32,2020-07-03T23:25:22Z,9,"Vestibulum quam sapien, varius ut, blandit non, interdum in, ante. Vestibulum ante ipsum primis in faucibus orci luctus et ultrices posuere cubilia Curae; Duis faucibus accumsan odio. Curabitur convallis."
5f7415b7fc13ae4bad000073,29,30,2020-05-25T05:22:47Z,8,"Vestibulum ac est lacinia nisi venenatis tristique. Fusce congue, diam id ornare imperdiet, sapien urna pretium nisl, ut volutpat sapien arcu sed augue. Aliquam erat volutpat."
5f7415b7fc13ae4bad000074,40,21,2020-03-13T04:35:53Z,6,Fusce consequat. Nulla nisl. Nunc nisl.
5f7415b7fc13ae4bad000075,7,8,2019-12-25T04:24:59Z,6,Maecenas ut massa quis augue luctus tincidunt. Nulla mollis molestie lorem. Quisque ut erat.
5f7415b7fc13ae4bad000076,21,13,2020-04-10T08:55:15Z,6,Etiam vel augue. Vestibulum rutrum rutrum neque. Aenean auctor gravida sem.
5f7415b7fc13ae4bad000077,45,13,2019-11-08T23:01:18Z,2,"In sagittis dui vel nisl. Duis ac nibh. Fusce lacus purus, aliquet at, feugiat non, pretium quis, lectus."
5f7415b7fc13ae4bad000078,31,28,2020-01-29T05:17:12Z,3,"Quisque porta volutpat erat. Quisque erat eros, viverra eget, congue eget, semper rutrum, nulla. Nunc purus."
5f7415b7fc13ae4bad000079,27,3,2020-01-11T00:23:09Z,4,Integer ac leo. Pellentesque ultrices mattis odio. Donec vitae nisi.
5f7415b7fc13ae4bad00007a,40,36,2020-08-07T12:58:42Z,9,"Aenean fermentum. Donec ut mauris eget massa tempor convallis. Nulla neque libero, convallis eget, eleifend luctus, ultricies eu, nibh."
5f7415b7fc13ae4bad00007b,45,37,2020-07-20T02:17:40Z,7,"Curabitur gravida nisi at nibh. In hac habitasse platea dictumst. Aliquam augue quam, sollicitudin vitae, consectetuer eget, rutrum at, lorem."
5f7415b7fc13ae4bad00007c,24,3,2020-08-15T06:49:12Z,2,"Aenean fermentum. Donec ut mauris eget massa tempor convallis. Nulla neque libero, convallis eget, eleifend luctus, ultricies eu, nibh."
5f7415b7fc13ae4bad00007d,41,46,2020-02-08T09:20:15Z,3,Nulla ut erat id mauris vulputate elementum. Nullam varius. Nulla facilisi.
5f7415b7fc13ae4bad00007e,15,23,2020-02-01T08:07:06Z,5,"Cum sociis natoque penatibus et magnis dis parturient montes, nascetur ridiculus mus. Vivamus vestibulum sagittis sapien. Cum sociis natoque penatibus et magnis dis parturient montes, nascetur ridiculus mus."
5f7415b7fc13ae4bad00007f,20,21,2019-10-07T23:35:21Z,2,In congue. Etiam justo. Etiam pretium iaculis justo.
5f7415b7fc13ae4bad000080,32,50,2019-12-21T20:36:52Z,8,"Proin eu mi. Nulla ac enim. In tempor, turpis nec euismod scelerisque, quam turpis adipiscing lorem, vitae mattis nibh ligula nec sem."
5f7415b7fc13ae4bad000081,16,46,2020-07-23T12:35:10Z,9,Maecenas ut massa quis augue luctus tincidunt. Nulla mollis molestie lorem. Quisque ut erat.
5f7415b7fc13ae4bad000082,9,5,2020-04-22T13:50:12Z,2,"Duis bibendum, felis sed interdum venenatis, turpis enim blandit mi, in porttitor pede justo eu massa. Donec dapibus. Duis at velit eu est congue elementum."
5f7415b7fc13ae4bad000083,1,34,2019-12-16T07:18:50Z,8,"Proin leo odio, porttitor id, consequat in, consequat ut, nulla. Sed accumsan felis. Ut at dolor quis odio consequat varius."
5f7415b7fc13ae4bad000084,26,34,2020-02-26T05:49:58Z,1,Maecenas ut massa quis augue luctus tincidunt. Nulla mollis molestie lorem. Quisque ut erat.
5f7415b7fc13ae4bad000085,40,5,2020-06-08T02:21:29Z,5,"Fusce posuere felis sed lacus. Morbi sem mauris, laoreet ut, rhoncus aliquet, pulvinar sed, nisl. Nunc rhoncus dui vel sem."
5f7415b7fc13ae4bad000086,12,10,2020-08-05T19:07:50Z,2,"Curabitur gravida nisi at nibh. In hac habitasse platea dictumst. Aliquam augue quam, sollicitudin vitae, consectetuer eget, rutrum at, lorem."
5f7415b7fc13ae4bad000087,26,7,2020-01-08T07:28:45Z,7,Aliquam quis turpis eget elit sodales scelerisque. Mauris sit amet eros. Suspendisse accumsan tortor quis turpis.
5f7415b7fc13ae4bad000088,28,32,2020-04-27T18:28:50Z,1,Duis bibendum. Morbi non quam nec dui luctus rutrum. Nulla tellus.
5f7415b7fc13ae4bad000089,22,26,2019-10-13T05:22:46Z,8,Nulla ut erat id mauris vulputate elementum. Nullam varius. Nulla facilisi.
5f7415b7fc13ae4bad00008a,39,21,2020-08-10T09:49:15Z,4,"Aenean fermentum. Donec ut mauris eget massa tempor convallis. Nulla neque libero, convallis eget, eleifend luctus, ultricies eu, nibh."
5f7415b7fc13ae4bad00008b,6,28,2020-03-26T22:07:16Z,8,"Donec diam neque, vestibulum eget, vulputate ut, ultrices vel, augue. Vestibulum ante ipsum primis in faucibus orci luctus et ultrices posuere cubilia Curae; Donec pharetra, magna vestibulum aliquet ultrices, erat tortor sollicitudin mi, sit amet lobortis sapien sapien non mi. Integer ac neque."
5f7415b7fc13ae4bad00008c,17,44,2020-03-08T21:39:25Z,8,"Curabitur at ipsum ac tellus semper interdum. Mauris ullamcorper purus sit amet nulla. Quisque arcu libero, rutrum ac, lobortis vel, dapibus at, diam."
5f7415b7fc13ae4bad00008d,33,39,2020-09-29T17:10:55Z,10,Aliquam quis turpis eget elit sodales scelerisque. Mauris sit amet eros. Suspendisse accumsan tortor quis turpis.
5f7415b7fc13ae4bad00008e,40,37,2020-02-02T13:24:30Z,5,Cras non velit nec nisi vulputate nonummy. Maecenas tincidunt lacus at velit. Vivamus vel nulla eget eros elementum pellentesque.
5f7415b7fc13ae4bad00008f,5,38,2020-04-29T13:55:08Z,1,"Quisque porta volutpat erat. Quisque erat eros, viverra eget, congue eget, semper rutrum, nulla. Nunc purus."
5f7415b7fc13ae4bad000090,8,33,2020-09-28T05:57:04Z,1,"Proin eu mi. Nulla ac enim. In tempor, turpis nec euismod scelerisque, quam turpis adipiscing lorem, vitae mattis nibh ligula nec sem."
5f7415b7fc13ae4bad000091,15,12,2019-11-29T05:22:56Z,10,"In hac habitasse platea dictumst. Morbi vestibulum, velit id pretium iaculis, diam erat fermentum justo, nec condimentum neque sapien placerat ante. Nulla justo."
5f7415b7fc13ae4bad000092,46,20,2020-09-05T17:35:44Z,4,"Quisque id justo sit amet sapien dignissim vestibulum. Vestibulum ante ipsum primis in faucibus orci luctus et ultrices posuere cubilia Curae; Nulla dapibus dolor vel est. Donec odio justo, sollicitudin ut, suscipit a, feugiat et, eros."
5f7415b7fc13ae4bad000093,36,25,2019-11-30T13:28:46Z,9,"Cum sociis natoque penatibus et magnis dis parturient montes, nascetur ridiculus mus. Vivamus vestibulum sagittis sapien. Cum sociis natoque penatibus et magnis dis parturient montes, nascetur ridiculus mus."
5f7415b7fc13ae4bad000094,1,11,2020-03-29T12:24:24Z,1,In congue. Etiam justo. Etiam pretium iaculis justo.
5f7415b7fc13ae4bad000095,28,20,2020-01-05T08:06:34Z,10,Maecenas ut massa quis augue luctus tincidunt. Nulla mollis molestie lorem. Quisque ut erat.
5f7415b7fc13ae4bad000096,7,34,2019-10-13T18:49:32Z,7,Nullam porttitor lacus at turpis. Donec posuere metus vitae ipsum. Aliquam non mauris.
5f7415b7fc13ae4bad000097,39,3,2020-09-03T06:25:44Z,8,"Vestibulum ac est lacinia nisi venenatis tristique. Fusce congue, diam id ornare imperdiet, sapien urna pretium nisl, ut volutpat sapien arcu sed augue. Aliquam erat volutpat."
5f7415b7fc13ae4bad000098,17,15,2020-06-12T22:45:48Z,7,Integer tincidunt ante vel ipsum. Praesent blandit lacinia erat. Vestibulum sed magna at nunc commodo placerat.
5f7415b7fc13ae4bad000099,43,37,2020-06-29T00:03:12Z,6,"Donec diam neque, vestibulum eget, vulputate ut, ultrices vel, augue. Vestibulum ante ipsum primis in faucibus orci luctus et ultrices posuere cubilia Curae; Donec pharetra, magna vestibulum aliquet ultrices, erat tortor sollicitudin mi, sit amet lobortis sapien sapien non mi. Integer ac neque."
5f7415b7fc13ae4bad00009a,43,1,2019-11-01T14:54:14Z,3,"Cras mi pede, malesuada in, imperdiet et, commodo vulputate, justo. In blandit ultrices enim. Lorem ipsum dolor sit amet, consectetuer adipiscing elit."
5f7415b7fc13ae4bad00009b,4,14,2019-10-15T07:14:06Z,7,"Aenean fermentum. Donec ut mauris eget massa tempor convallis. Nulla neque libero, convallis eget, eleifend luctus, ultricies eu, nibh."
5f7415b7fc13ae4bad00009c,28,35,2019-12-10T20:23:09Z,9,"Proin leo odio, porttitor id, consequat in, consequat ut, nulla. Sed accumsan felis. Ut at dolor quis odio consequat varius."
5f7415b7fc13ae4bad00009d,30,24,2019-11-02T11:10:50Z,9,Duis aliquam convallis nunc. Proin at turpis a pede posuere nonummy. Integer non velit.
5f7415b7fc13ae4bad00009e,24,5,2020-06-13T07:44:38Z,2,Suspendisse potenti. In eleifend quam a odio. In hac habitasse platea dictumst.
5f7415b7fc13ae4bad00009f,29,38,2019-10-04T06:54:13Z,7,Duis aliquam convallis nunc. Proin at turpis a pede posuere nonummy. Integer non velit.
5f7415b7fc13ae4bad0000a0,20,36,2019-11-04T01:21:41Z,10,Sed ante. Vivamus tortor. Duis mattis egestas metus.
5f7415b7fc13ae4bad0000a1,18,50,2020-03-28T00:37:23Z,4,"Maecenas leo odio, condimentum id, luctus nec, molestie sed, justo. Pellentesque viverra pede ac diam. Cras pellentesque volutpat dui."
5f7415b7fc13ae4bad0000a2,2,12,2020-08-24T14:57:08Z,6,"Vestibulum ac est lacinia nisi venenatis tristique. Fusce congue, diam id ornare imperdiet, sapien urna pretium nisl, ut volutpat sapien arcu sed augue. Aliquam erat volutpat."
5f7415b7fc13ae4bad0000a3,3,8,2020-03-11T02:13:15Z,9,Phasellus in felis. Donec semper sapien a libero. Nam dui.
5f7415b7fc13ae4bad0000a4,28,41,2019-11-15T05:14:28Z,4,Integer ac leo. Pellentesque ultrices mattis odio. Donec vitae nisi.
5f7415b7fc13ae4bad0000a5,29,17,2019-12-02T11:37:18Z,3,Nulla ut erat id mauris vulputate elementum. Nullam varius. Nulla facilisi.
5f7415b7fc13ae4bad0000a6,36,29,2019-11-04T02:35:10Z,10,Phasellus in felis. Donec semper sapien a libero. Nam dui.
5f7415b7fc13ae4bad0000a7,33,48,2020-02-06T14:19:56Z,4,"Proin leo odio, porttitor id, consequat in, consequat ut, nulla. Sed accumsan felis. Ut at dolor quis odio consequat varius."
5f7415b7fc13ae4bad0000a8,33,31,2019-12-15T17:23:23Z,7,Nullam sit amet turpis elementum ligula vehicula consequat. Morbi a ipsum. Integer a nibh.
5f7415b7fc13ae4bad0000a9,11,21,2019-12-18T23:43:47Z,8,Maecenas ut massa quis augue luctus tincidunt. Nulla mollis molestie lorem. Quisque ut erat.
5f7415b7fc13ae4bad0000aa,48,45,2019-11-26T13:41:04Z,3,"Proin eu mi. Nulla ac enim. In tempor, turpis nec euismod scelerisque, quam turpis adipiscing lorem, vitae mattis nibh ligula nec sem."
5f7415b7fc13ae4bad0000ab,27,25,2020-06-04T19:16:13Z,1,Cras non velit nec nisi vulputate nonummy. Maecenas tincidunt lacus at velit. Vivamus vel nulla eget eros elementum pellentesque.
5f7415b7fc13ae4bad0000ac,38,19,2020-03-23T09:39:28Z,4,Nullam sit amet turpis elementum ligula vehicula consequat. Morbi a ipsum. Integer a nibh.
5f7415b7fc13ae4bad0000ad,16,9,2020-06-24T20:22:56Z,4,"Nam ultrices, libero non mattis pulvinar, nulla pede ullamcorper augue, a suscipit nulla elit ac nulla. Sed vel enim sit amet nunc viverra dapibus. Nulla suscipit ligula in lacus."
5f7415b7fc13ae4bad0000ae,34,41,2020-08-20T00:08:11Z,4,"In hac habitasse platea dictumst. Morbi vestibulum, velit id pretium iaculis, diam erat fermentum justo, nec condimentum neque sapien placerat ante. Nulla justo."
5f7415b7fc13ae4bad0000af,36,7,2020-05-07T06:48:09Z,3,Fusce consequat. Nulla nisl. Nunc nisl.
5f7415b7fc13ae4bad0000b0,6,31,2020-06-29T21:38:01Z,9,"Curabitur gravida nisi at nibh. In hac habitasse platea dictumst. Aliquam augue quam, sollicitudin vitae, consectetuer eget, rutrum at, lorem."
5f7415b7fc13ae4bad0000b1,26,35,2020-07-09T13:35:25Z,8,"Proin eu mi. Nulla ac enim. In tempor, turpis nec euismod scelerisque, quam turpis adipiscing lorem, vitae mattis nibh ligula nec sem."
5f7415b7fc13ae4bad0000b2,15,11,2019-10-24T00:08:49Z,1,Fusce consequat. Nulla nisl. Nunc nisl.
5f7415b7fc13ae4bad0000b3,12,14,2019-11-03T13:55:58Z,8,"Proin eu mi. Nulla ac enim. In tempor, turpis nec euismod scelerisque, quam turpis adipiscing lorem, vitae mattis nibh ligula nec sem."
5f7415b7fc13ae4bad0000b4,9,42,2020-03-28T03:39:03Z,6,"Aenean fermentum. Donec ut mauris eget massa tempor convallis. Nulla neque libero, convallis eget, eleifend luctus, ultricies eu, nibh."
5f7415b7fc13ae4bad0000b5,36,32,2020-03-04T16:19:15Z,2,"Proin interdum mauris non ligula pellentesque ultrices. Phasellus id sapien in sapien iaculis congue. Vivamus metus arcu, adipiscing molestie, hendrerit at, vulputate vitae, nisl."
5f7415b7fc13ae4bad0000b6,18,34,2020-03-07T21:17:06Z,6,Nulla ut erat id mauris vulputate elementum. Nullam varius. Nulla facilisi.
5f7415b7fc13ae4bad0000b7,48,40,2019-12-25T18:10:24Z,9,In quis justo. Maecenas rhoncus aliquam lacus. Morbi quis tortor id nulla ultrices aliquet.
5f7415b7fc13ae4bad0000b8,1,4,2020-01-16T02:49:02Z,2,Duis bibendum. Morbi non quam nec dui luctus rutrum. Nulla tellus.
5f7415b7fc13ae4bad0000b9,40,6,2020-08-27T00:40:19Z,1,"Curabitur at ipsum ac tellus semper interdum. Mauris ullamcorper purus sit amet nulla. Quisque arcu libero, rutrum ac, lobortis vel, dapibus at, diam."
5f7415b7fc13ae4bad0000ba,7,33,2020-05-03T03:50:22Z,5,Aenean lectus. Pellentesque eget nunc. Donec quis orci eget orci vehicula condimentum.
5f7415b7fc13ae4bad0000bb,30,30,2020-02-09T15:28:26Z,7,In congue. Etiam justo. Etiam pretium iaculis justo.
5f7415b7fc13ae4bad0000bc,12,14,2020-05-31T06:21:45Z,2,Integer ac leo. Pellentesque ultrices mattis odio. Donec vitae nisi.
5f7415b7fc13ae4bad0000bd,24,1,2020-05-31T06:33:49Z,6,Cras non velit nec nisi vulputate nonummy. Maecenas tincidunt lacus at velit. Vivamus vel nulla eget eros elementum pellentesque.
5f7415b7fc13ae4bad0000be,39,36,2020-08-12T02:19:09Z,3,Phasellus sit amet erat. Nulla tempus. Vivamus in felis eu sapien cursus vestibulum.
5f7415b7fc13ae4bad0000bf,1,43,2019-11-08T19:20:22Z,4,"Praesent blandit. Nam nulla. Integer pede justo, lacinia eget, tincidunt eget, tempus vel, pede."
5f7415b7fc13ae4bad0000c0,27,42,2019-12-23T16:27:11Z,5,"In sagittis dui vel nisl. Duis ac nibh. Fusce lacus purus, aliquet at, feugiat non, pretium quis, lectus."
5f7415b7fc13ae4bad0000c1,47,17,2020-06-15T09:04:05Z,1,"In sagittis dui vel nisl. Duis ac nibh. Fusce lacus purus, aliquet at, feugiat non, pretium quis, lectus."
5f7415b7fc13ae4bad0000c2,30,40,2019-10-08T09:14:05Z,5,"Vestibulum ac est lacinia nisi venenatis tristique. Fusce congue, diam id ornare imperdiet, sapien urna pretium nisl, ut volutpat sapien arcu sed augue. Aliquam erat volutpat."
5f7415b7fc13ae4bad0000c3,8,40,2019-10-31T07:42:27Z,3,"Lorem ipsum dolor sit amet, consectetuer adipiscing elit. Proin risus. Praesent lectus."
5f7415b7fc13ae4bad0000c4,34,46,2019-10-30T04:58:27Z,2,Pellentesque at nulla. Suspendisse potenti. Cras in purus eu magna vulputate luctus.
5f7415b7fc13ae4bad0000c5,28,30,2020-09-08T21:16:02Z,6,"Praesent blandit. Nam nulla. Integer pede justo, lacinia eget, tincidunt eget, tempus vel, pede."
5f7415b7fc13ae4bad0000c6,15,3,2020-01-15T18:51:15Z,7,"Fusce posuere felis sed lacus. Morbi sem mauris, laoreet ut, rhoncus aliquet, pulvinar sed, nisl. Nunc rhoncus dui vel sem."
5f7415b7fc13ae4bad0000c7,2,36,2020-01-01T11:17:47Z,9,In quis justo. Maecenas rhoncus aliquam lacus. Morbi quis tortor id nulla ultrices aliquet.
5f7415b7fc13ae4bad0000c8,29,18,2020-08-28T12:49:15Z,4,Pellentesque at nulla. Suspendisse potenti. Cras in purus eu magna vulputate luctus.
5f7415b7fc13ae4bad0000c9,48,31,2020-08-13T15:01:21Z,1,"Quisque id justo sit amet sapien dignissim vestibulum. Vestibulum ante ipsum primis in faucibus orci luctus et ultrices posuere cubilia Curae; Nulla dapibus dolor vel est. Donec odio justo, sollicitudin ut, suscipit a, feugiat et, eros."
5f7415b7fc13ae4bad0000ca,6,18,2020-04-18T23:50:00Z,4,In hac habitasse platea dictumst. Etiam faucibus cursus urna. Ut tellus.
5f7415b7fc13ae4bad0000cb,15,33,2020-02-12T01:49:38Z,7,"Proin leo odio, porttitor id, consequat in, consequat ut, nulla. Sed accumsan felis. Ut at dolor quis odio consequat varius."
5f7415b7fc13ae4bad0000cc,39,13,2019-10-20T07:19:30Z,7,Maecenas ut massa quis augue luctus tincidunt. Nulla mollis molestie lorem. Quisque ut erat.
5f7415b7fc13ae4bad0000cd,27,14,2020-04-12T21:30:26Z,5,Cras non velit nec nisi vulputate nonummy. Maecenas tincidunt lacus at velit. Vivamus vel nulla eget eros elementum pellentesque.
5f7415b7fc13ae4bad0000ce,13,33,2019-10-26T13:55:49Z,6,"Curabitur at ipsum ac tellus semper interdum. Mauris ullamcorper purus sit amet nulla. Quisque arcu libero, rutrum ac, lobortis vel, dapibus at, diam."
5f7415b7fc13ae4bad0000cf,29,6,2019-10-26T01:20:39Z,10,"Praesent blandit. Nam nulla. Integer pede justo, lacinia eget, tincidunt eget, tempus vel, pede."
5f7415b7fc13ae4bad0000d0,43,3,2019-10-25T16:57:06Z,5,"Quisque porta volutpat erat. Quisque erat eros, viverra eget, congue eget, semper rutrum, nulla. Nunc purus."
5f7415b7fc13ae4bad0000d1,42,32,2020-09-09T08:43:17Z,5,"Sed sagittis. Nam congue, risus semper porta volutpat, quam pede lobortis ligula, sit amet eleifend pede libero quis orci. Nullam molestie nibh in lectus."
5f7415b7fc13ae4bad0000d2,11,15,2020-04-17T01:49:44Z,8,"Sed sagittis. Nam congue, risus semper porta volutpat, quam pede lobortis ligula, sit amet eleifend pede libero quis orci. Nullam molestie nibh in lectus."
5f7415b7fc13ae4bad0000d3,34,22,2019-10-31T03:27:53Z,4,In quis justo. Maecenas rhoncus aliquam lacus. Morbi quis tortor id nulla ultrices aliquet.
5f7415b7fc13ae4bad0000d4,43,11,2019-10-03T15:56:39Z,6,"Vestibulum quam sapien, varius ut, blandit non, interdum in, ante. Vestibulum ante ipsum primis in faucibus orci luctus et ultrices posuere cubilia Curae; Duis faucibus accumsan odio. Curabitur convallis."
5f7415b7fc13ae4bad0000d5,8,34,2019-10-14T22:12:12Z,5,Integer ac leo. Pellentesque ultrices mattis odio. Donec vitae nisi.
5f7415b7fc13ae4bad0000d6,38,14,2019-11-22T21:20:36Z,8,"Fusce posuere felis sed lacus. Morbi sem mauris, laoreet ut, rhoncus aliquet, pulvinar sed, nisl. Nunc rhoncus dui vel sem."
5f7415b7fc13ae4bad0000d7,9,38,2020-07-27T17:11:16Z,4,Nulla ut erat id mauris vulputate elementum. Nullam varius. Nulla facilisi.
5f7415b7fc13ae4bad0000d8,22,13,2020-08-01T04:45:12Z,1,In hac habitasse platea dictumst. Etiam faucibus cursus urna. Ut tellus.
5f7415b7fc13ae4bad0000d9,34,12,2020-05-05T07:29:12Z,5,"Proin leo odio, porttitor id, consequat in, consequat ut, nulla. Sed accumsan felis. Ut at dolor quis odio consequat varius."
5f7415b7fc13ae4bad0000da,12,23,2020-01-12T11:30:30Z,5,Phasellus sit amet erat. Nulla tempus. Vivamus in felis eu sapien cursus vestibulum.
5f7415b7fc13ae4bad0000db,26,45,2019-11-23T14:59:08Z,9,Pellentesque at nulla. Suspendisse potenti. Cras in purus eu magna vulputate luctus.
5f7415b7fc13ae4bad0000dc,40,40,2020-01-08T20:00:08Z,4,"Quisque id justo sit amet sapien dignissim vestibulum. Vestibulum ante ipsum primis in faucibus orci luctus et ultrices posuere cubilia Curae; Nulla dapibus dolor vel est. Donec odio justo, sollicitudin ut, suscipit a, feugiat et, eros."
5f7415b7fc13ae4bad0000dd,38,27,2019-12-24T07:49:58Z,9,"Proin interdum mauris non ligula pellentesque ultrices. Phasellus id sapien in sapien iaculis congue. Vivamus metus arcu, adipiscing molestie, hendrerit at, vulputate vitae, nisl."
5f7415b7fc13ae4bad0000de,47,2,2020-05-14T22:06:50Z,10,Nullam sit amet turpis elementum ligula vehicula consequat. Morbi a ipsum. Integer a nibh.
5f7415b7fc13ae4bad0000df,23,17,2019-10-30T07:39:45Z,3,"Donec diam neque, vestibulum eget, vulputate ut, ultrices vel, augue. Vestibulum ante ipsum primis in faucibus orci luctus et ultrices posuere cubilia Curae; Donec pharetra, magna vestibulum aliquet ultrices, erat tortor sollicitudin mi, sit amet lobortis sapien sapien non mi. Integer ac neque."
5f7415b7fc13ae4bad0000e0,25,11,2019-12-16T15:53:53Z,2,"Cras mi pede, malesuada in, imperdiet et, commodo vulputate, justo. In blandit ultrices enim. Lorem ipsum dolor sit amet, consectetuer adipiscing elit."
5f7415b7fc13ae4bad0000e1,42,39,2020-07-24T12:06:20Z,3,"Cum sociis natoque penatibus et magnis dis parturient montes, nascetur ridiculus mus. Vivamus vestibulum sagittis sapien. Cum sociis natoque penatibus et magnis dis parturient montes, nascetur ridiculus mus."
5f7415b7fc13ae4bad0000e2,14,31,2020-06-05T23:59:09Z,6,Sed ante. Vivamus tortor. Duis mattis egestas metus.
5f7415b7fc13ae4bad0000e3,24,6,2020-05-29T18:40:37Z,10,Etiam vel augue. Vestibulum rutrum rutrum neque. Aenean auctor gravida sem.
5f7415b7fc13ae4bad0000e4,4,36,2020-05-21T01:21:08Z,9,"Donec diam neque, vestibulum eget, vulputate ut, ultrices vel, augue. Vestibulum ante ipsum primis in faucibus orci luctus et ultrices posuere cubilia Curae; Donec pharetra, magna vestibulum aliquet ultrices, erat tortor sollicitudin mi, sit amet lobortis sapien sapien non mi. Integer ac neque."
5f7415b7fc13ae4bad0000e5,49,21,2020-04-08T21:51:16Z,2,Duis aliquam convallis nunc. Proin at turpis a pede posuere nonummy. Integer non velit.
5f7415b7fc13ae4bad0000e6,40,45,2020-09-14T06:25:25Z,6,"Fusce posuere felis sed lacus. Morbi sem mauris, laoreet ut, rhoncus aliquet, pulvinar sed, nisl. Nunc rhoncus dui vel sem."
5f7415b7fc13ae4bad0000e7,46,40,2020-02-04T12:52:38Z,2,"Sed sagittis. Nam congue, risus semper porta volutpat, quam pede lobortis ligula, sit amet eleifend pede libero quis orci. Nullam molestie nibh in lectus."
5f7415b7fc13ae4bad0000e8,47,30,2020-02-13T19:18:10Z,3,Nullam sit amet turpis elementum ligula vehicula consequat. Morbi a ipsum. Integer a nibh.
5f7415b7fc13ae4bad0000e9,30,16,2020-03-06T18:16:50Z,10,In quis justo. Maecenas rhoncus aliquam lacus. Morbi quis tortor id nulla ultrices aliquet.
5f7415b7fc13ae4bad0000ea,11,8,2019-10-07T23:51:07Z,5,Fusce consequat. Nulla nisl. Nunc nisl.
5f7415b7fc13ae4bad0000eb,2,37,2020-02-21T03:39:58Z,1,Pellentesque at nulla. Suspendisse potenti. Cras in purus eu magna vulputate luctus.
5f7415b7fc13ae4bad0000ec,19,24,2020-05-28T16:54:49Z,3,"Morbi non lectus. Aliquam sit amet diam in magna bibendum imperdiet. Nullam orci pede, venenatis non, sodales sed, tincidunt eu, felis."
5f7415b7fc13ae4bad0000ed,2,17,2020-07-03T22:57:04Z,5,Sed ante. Vivamus tortor. Duis mattis egestas metus.
5f7415b7fc13ae4bad0000ee,4,28,2020-05-02T21:29:53Z,3,"Cras mi pede, malesuada in, imperdiet et, commodo vulputate, justo. In blandit ultrices enim. Lorem ipsum dolor sit amet, consectetuer adipiscing elit."
5f7415b7fc13ae4bad0000ef,45,24,2019-10-07T10:15:56Z,10,"Curabitur at ipsum ac tellus semper interdum. Mauris ullamcorper purus sit amet nulla. Quisque arcu libero, rutrum ac, lobortis vel, dapibus at, diam."
5f7415b7fc13ae4bad0000f0,48,36,2019-12-14T02:51:44Z,7,In hac habitasse platea dictumst. Etiam faucibus cursus urna. Ut tellus.
5f7415b7fc13ae4bad0000f1,26,18,2020-09-25T15:20:44Z,1,"Maecenas tristique, est et tempus semper, est quam pharetra magna, ac consequat metus sapien ut nunc. Vestibulum ante ipsum primis in faucibus orci luctus et ultrices posuere cubilia Curae; Mauris viverra diam vitae quam. Suspendisse potenti."
5f7415b7fc13ae4bad0000f2,19,39,2019-11-22T02:01:31Z,3,"Proin eu mi. Nulla ac enim. In tempor, turpis nec euismod scelerisque, quam turpis adipiscing lorem, vitae mattis nibh ligula nec sem."
5f7415b7fc13ae4bad0000f3,31,49,2019-10-11T09:53:55Z,4,"In sagittis dui vel nisl. Duis ac nibh. Fusce lacus purus, aliquet at, feugiat non, pretium quis, lectus."
5f7415b7fc13ae4bad0000f4,6,8,2020-02-01T17:47:11Z,7,"Aenean fermentum. Donec ut mauris eget massa tempor convallis. Nulla neque libero, convallis eget, eleifend luctus, ultricies eu, nibh."
5f7415b7fc13ae4bad0000f5,3,8,2020-07-22T00:56:56Z,1,"Duis bibendum, felis sed interdum venenatis, turpis enim blandit mi, in porttitor pede justo eu massa. Donec dapibus. Duis at velit eu est congue elementum."
5f7415b7fc13ae4bad0000f6,49,21,2020-08-14T08:18:24Z,5,"Duis bibendum, felis sed interdum venenatis, turpis enim blandit mi, in porttitor pede justo eu massa. Donec dapibus. Duis at velit eu est congue elementum."
5f7415b7fc13ae4bad0000f7,2,46,2020-08-06T00:12:14Z,4,"Maecenas tristique, est et tempus semper, est quam pharetra magna, ac consequat metus sapien ut nunc. Vestibulum ante ipsum primis in faucibus orci luctus et ultrices posuere cubilia Curae; Mauris viverra diam vitae quam. Suspendisse potenti."
5f7415b7fc13ae4bad0000f8,24,14,2019-11-15T07:07:55Z,9,"Sed sagittis. Nam congue, risus semper porta volutpat, quam pede lobortis ligula, sit amet eleifend pede libero quis orci. Nullam molestie nibh in lectus."
5f7415b7fc13ae4bad0000f9,40,34,2020-07-27T11:06:12Z,2,"Morbi porttitor lorem id ligula. Suspendisse ornare consequat lectus. In est risus, auctor sed, tristique in, tempus sit amet, sem."
5f7415b7fc13ae4bad0000fa,6,8,2020-02-13T19:01:28Z,6,Nullam sit amet turpis elementum ligula vehicula consequat. Morbi a ipsum. Integer a nibh.
5f7415b7fc13ae4bad0000fb,45,48,2020-03-15T09:54:47Z,5,Duis consequat dui nec nisi volutpat eleifend. Donec ut dolor. Morbi vel lectus in quam fringilla rhoncus.
5f7415b7fc13ae4bad0000fc,36,7,2020-05-12T05:45:52Z,6,Pellentesque at nulla. Suspendisse potenti. Cras in purus eu magna vulputate luctus.
5f7415b7fc13ae4bad0000fd,6,14,2020-01-03T00:34:14Z,1,Duis bibendum. Morbi non quam nec dui luctus rutrum. Nulla tellus.
5f7415b7fc13ae4bad0000fe,9,30,2019-12-15T11:33:25Z,5,"Morbi porttitor lorem id ligula. Suspendisse ornare consequat lectus. In est risus, auctor sed, tristique in, tempus sit amet, sem."
5f7415b7fc13ae4bad0000ff,44,2,2020-09-09T22:12:20Z,2,"Maecenas leo odio, condimentum id, luctus nec, molestie sed, justo. Pellentesque viverra pede ac diam. Cras pellentesque volutpat dui."
5f7415b7fc13ae4bad000100,39,41,2020-01-14T21:56:39Z,6,"Quisque id justo sit amet sapien dignissim vestibulum. Vestibulum ante ipsum primis in faucibus orci luctus et ultrices posuere cubilia Curae; Nulla dapibus dolor vel est. Donec odio justo, sollicitudin ut, suscipit a, feugiat et, eros."
5f7415b7fc13ae4bad000101,29,50,2020-05-09T19:08:26Z,5,"In sagittis dui vel nisl. Duis ac nibh. Fusce lacus purus, aliquet at, feugiat non, pretium quis, lectus."
5f7415b7fc13ae4bad000102,29,48,2020-05-23T08:44:55Z,8,"Cum sociis natoque penatibus et magnis dis parturient montes, nascetur ridiculus mus. Vivamus vestibulum sagittis sapien. Cum sociis natoque penatibus et magnis dis parturient montes, nascetur ridiculus mus."
5f7415b7fc13ae4bad000103,30,4,2020-09-29T22:46:51Z,7,Duis bibendum. Morbi non quam nec dui luctus rutrum. Nulla tellus.
5f7415b7fc13ae4bad000104,25,3,2020-08-08T18:26:51Z,6,Phasellus sit amet erat. Nulla tempus. Vivamus in felis eu sapien cursus vestibulum.
5f7415b7fc13ae4bad000105,14,48,2019-11-24T01:57:11Z,1,"In hac habitasse platea dictumst. Morbi vestibulum, velit id pretium iaculis, diam erat fermentum justo, nec condimentum neque sapien placerat ante. Nulla justo."
5f7415b7fc13ae4bad000106,41,19,2020-02-02T00:48:28Z,2,Praesent id massa id nisl venenatis lacinia. Aenean sit amet justo. Morbi ut odio.
5f7415b7fc13ae4bad000107,45,17,2020-04-12T15:24:29Z,8,Duis consequat dui nec nisi volutpat eleifend. Donec ut dolor. Morbi vel lectus in quam fringilla rhoncus.
5f7415b7fc13ae4bad000108,39,27,2020-04-06T05:51:08Z,4,Duis consequat dui nec nisi volutpat eleifend. Donec ut dolor. Morbi vel lectus in quam fringilla rhoncus.
5f7415b7fc13ae4bad000109,22,13,2020-03-24T04:52:31Z,4,"Praesent blandit. Nam nulla. Integer pede justo, lacinia eget, tincidunt eget, tempus vel, pede."
5f7415b7fc13ae4bad00010a,12,20,2019-10-22T23:23:14Z,9,"In hac habitasse platea dictumst. Morbi vestibulum, velit id pretium iaculis, diam erat fermentum justo, nec condimentum neque sapien placerat ante. Nulla justo."
5f7415b7fc13ae4bad00010b,2,42,2020-09-26T11:43:28Z,10,Aenean lectus. Pellentesque eget nunc. Donec quis orci eget orci vehicula condimentum.
5f7415b7fc13ae4bad00010c,21,44,2020-08-23T09:29:53Z,3,Phasellus in felis. Donec semper sapien a libero. Nam dui.
5f7415b7fc13ae4bad00010d,6,39,2020-07-04T03:11:47Z,7,"In sagittis dui vel nisl. Duis ac nibh. Fusce lacus purus, aliquet at, feugiat non, pretium quis, lectus."
5f7415b7fc13ae4bad00010e,21,34,2020-08-11T20:40:04Z,8,Phasellus in felis. Donec semper sapien a libero. Nam dui.
5f7415b7fc13ae4bad00010f,45,14,2019-11-15T11:25:11Z,4,Aliquam quis turpis eget elit sodales scelerisque. Mauris sit amet eros. Suspendisse accumsan tortor quis turpis.
5f7415b7fc13ae4bad000110,50,8,2020-03-03T01:45:17Z,7,"Proin interdum mauris non ligula pellentesque ultrices. Phasellus id sapien in sapien iaculis congue. Vivamus metus arcu, adipiscing molestie, hendrerit at, vulputate vitae, nisl."
5f7415b7fc13ae4bad000111,48,26,2019-10-19T07:27:39Z,8,"Proin eu mi. Nulla ac enim. In tempor, turpis nec euismod scelerisque, quam turpis adipiscing lorem, vitae mattis nibh ligula nec sem."
5f7415b7fc13ae4bad000112,33,13,2019-12-29T01:24:26Z,4,Maecenas ut massa quis augue luctus tincidunt. Nulla mollis molestie lorem. Quisque ut erat.
5f7415b7fc13ae4bad000113,22,43,2020-02-17T13:49:41Z,5,"Vestibulum quam sapien, varius ut, blandit non, interdum in, ante. Vestibulum ante ipsum primis in faucibus orci luctus et ultrices posuere cubilia Curae; Duis faucibus accumsan odio. Curabitur convallis."
5f7415b7fc13ae4bad000114,15,50,2020-05-21T20:36:55Z,5,"Vestibulum ac est lacinia nisi venenatis tristique. Fusce congue, diam id ornare imperdiet, sapien urna pretium nisl, ut volutpat sapien arcu sed augue. Aliquam erat volutpat."
5f7415b7fc13ae4bad000115,19,4,2020-09-18T04:01:16Z,5,"Quisque id justo sit amet sapien dignissim vestibulum. Vestibulum ante ipsum primis in faucibus orci luctus et ultrices posuere cubilia Curae; Nulla dapibus dolor vel est. Donec odio justo, sollicitudin ut, suscipit a, feugiat et, eros."
5f7415b7fc13ae4bad000116,13,24,2019-12-16T07:23:02Z,6,"Proin eu mi. Nulla ac enim. In tempor, turpis nec euismod scelerisque, quam turpis adipiscing lorem, vitae mattis nibh ligula nec sem."
5f7415b7fc13ae4bad000117,49,16,2019-10-01T13:07:06Z,7,"In hac habitasse platea dictumst. Morbi vestibulum, velit id pretium iaculis, diam erat fermentum justo, nec condimentum neque sapien placerat ante. Nulla justo."
5f7415b7fc13ae4bad000118,16,17,2020-06-08T16:36:52Z,8,"Duis bibendum, felis sed interdum venenatis, turpis enim blandit mi, in porttitor pede justo eu massa. Donec dapibus. Duis at velit eu est congue elementum."
5f7415b7fc13ae4bad000119,5,35,2020-03-18T23:48:47Z,5,Duis consequat dui nec nisi volutpat eleifend. Donec ut dolor. Morbi vel lectus in quam fringilla rhoncus.
5f7415b7fc13ae4bad00011a,40,13,2020-05-10T00:53:38Z,7,Duis bibendum. Morbi non quam nec dui luctus rutrum. Nulla tellus.
5f7415b7fc13ae4bad00011b,8,11,2020-09-07T01:31:13Z,6,Sed ante. Vivamus tortor. Duis mattis egestas metus.
5f7415b7fc13ae4bad00011c,44,41,2019-10-17T03:03:50Z,6,Suspendisse potenti. In eleifend quam a odio. In hac habitasse platea dictumst.
5f7415b7fc13ae4bad00011d,17,26,2020-06-30T02:51:14Z,9,"Donec diam neque, vestibulum eget, vulputate ut, ultrices vel, augue. Vestibulum ante ipsum primis in faucibus orci luctus et ultrices posuere cubilia Curae; Donec pharetra, magna vestibulum aliquet ultrices, erat tortor sollicitudin mi, sit amet lobortis sapien sapien non mi. Integer ac neque."
5f7415b7fc13ae4bad00011e,15,5,2020-08-10T20:14:31Z,6,Phasellus in felis. Donec semper sapien a libero. Nam dui.
5f7415b7fc13ae4bad00011f,27,35,2020-05-09T21:23:35Z,8,Etiam vel augue. Vestibulum rutrum rutrum neque. Aenean auctor gravida sem.
5f7415b7fc13ae4bad000120,46,33,2020-07-17T17:48:36Z,7,"Quisque id justo sit amet sapien dignissim vestibulum. Vestibulum ante ipsum primis in faucibus orci luctus et ultrices posuere cubilia Curae; Nulla dapibus dolor vel est. Donec odio justo, sollicitudin ut, suscipit a, feugiat et, eros."
5f7415b7fc13ae4bad000121,16,47,2020-04-04T05:08:14Z,7,"Morbi porttitor lorem id ligula. Suspendisse ornare consequat lectus. In est risus, auctor sed, tristique in, tempus sit amet, sem."
5f7415b7fc13ae4bad000122,15,28,2019-12-13T15:09:32Z,7,"Cum sociis natoque penatibus et magnis dis parturient montes, nascetur ridiculus mus. Vivamus vestibulum sagittis sapien. Cum sociis natoque penatibus et magnis dis parturient montes, nascetur ridiculus mus."
5f7415b7fc13ae4bad000123,20,11,2020-02-25T03:40:43Z,3,Etiam vel augue. Vestibulum rutrum rutrum neque. Aenean auctor gravida sem.
5f7415b7fc13ae4bad000124,43,49,2020-02-12T15:27:41Z,1,"Vestibulum ac est lacinia nisi venenatis tristique. Fusce congue, diam id ornare imperdiet, sapien urna pretium nisl, ut volutpat sapien arcu sed augue. Aliquam erat volutpat."
5f7415b7fc13ae4bad000125,24,4,2019-11-09T02:31:52Z,2,Nulla ut erat id mauris vulputate elementum. Nullam varius. Nulla facilisi.
5f7415b7fc13ae4bad000126,22,15,2019-12-06T18:27:09Z,10,Suspendisse potenti. In eleifend quam a odio. In hac habitasse platea dictumst.
5f7415b7fc13ae4bad000127,7,16,2020-07-07T04:04:44Z,8,"Morbi porttitor lorem id ligula. Suspendisse ornare consequat lectus. In est risus, auctor sed, tristique in, tempus sit amet, sem."
5f7415b7fc13ae4bad000128,41,18,2019-12-23T18:44:06Z,6,"Duis bibendum, felis sed interdum venenatis, turpis enim blandit mi, in porttitor pede justo eu massa. Donec dapibus. Duis at velit eu est congue elementum."
5f7415b7fc13ae4bad000129,4,1,2019-11-29T07:00:46Z,9,Nullam sit amet turpis elementum ligula vehicula consequat. Morbi a ipsum. Integer a nibh.
5f7415b7fc13ae4bad00012a,48,21,2020-04-13T18:28:30Z,8,Suspendisse potenti. In eleifend quam a odio. In hac habitasse platea dictumst.
5f7415b7fc13ae4bad00012b,14,49,2020-01-03T01:29:43Z,9,"Praesent blandit. Nam nulla. Integer pede justo, lacinia eget, tincidunt eget, tempus vel, pede."
5f7415b7fc13ae4bad00012c,25,6,2019-10-10T17:43:48Z,10,"Nam ultrices, libero non mattis pulvinar, nulla pede ullamcorper augue, a suscipit nulla elit ac nulla. Sed vel enim sit amet nunc viverra dapibus. Nulla suscipit ligula in lacus."
5f7415b7fc13ae4bad00012d,14,9,2019-11-13T06:24:10Z,3,Duis aliquam convallis nunc. Proin at turpis a pede posuere nonummy. Integer non velit.
5f7415b7fc13ae4bad00012e,41,27,2020-06-26T13:28:05Z,6,"Proin leo odio, porttitor id, consequat in, consequat ut, nulla. Sed accumsan felis. Ut at dolor quis odio consequat varius."
5f7415b7fc13ae4bad00012f,25,28,2019-10-26T19:54:26Z,7,In hac habitasse platea dictumst. Etiam faucibus cursus urna. Ut tellus.
5f7415b7fc13ae4bad000130,21,31,2020-01-31T06:47:01Z,9,"Vestibulum ac est lacinia nisi venenatis tristique. Fusce congue, diam id ornare imperdiet, sapien urna pretium nisl, ut volutpat sapien arcu sed augue. Aliquam erat volutpat."
5f7415b7fc13ae4bad000131,27,4,2020-01-05T02:26:10Z,5,Phasellus in felis. Donec semper sapien a libero. Nam dui.
5f7415b7fc13ae4bad000132,9,29,2020-08-22T23:26:11Z,6,"Duis bibendum, felis sed interdum venenatis, turpis enim blandit mi, in porttitor pede justo eu massa. Donec dapibus. Duis at velit eu est congue elementum."
5f7415b7fc13ae4bad000133,5,14,2019-12-11T07:15:35Z,2,Suspendisse potenti. In eleifend quam a odio. In hac habitasse platea dictumst.
5f7415b7fc13ae4bad000134,34,32,2020-08-25T19:05:06Z,9,Duis aliquam convallis nunc. Proin at turpis a pede posuere nonummy. Integer non velit.
5f7415b7fc13ae4bad000135,43,39,2020-02-04T22:46:29Z,10,Etiam vel augue. Vestibulum rutrum rutrum neque. Aenean auctor gravida sem.
5f7415b7fc13ae4bad000136,19,38,2019-11-22T08:01:09Z,2,"Praesent blandit. Nam nulla. Integer pede justo, lacinia eget, tincidunt eget, tempus vel, pede."
5f7415b7fc13ae4bad000137,27,24,2019-12-08T09:56:33Z,3,"Sed sagittis. Nam congue, risus semper porta volutpat, quam pede lobortis ligula, sit amet eleifend pede libero quis orci. Nullam molestie nibh in lectus."
5f7415b7fc13ae4bad000138,7,5,2020-06-04T16:16:51Z,2,"Donec diam neque, vestibulum eget, vulputate ut, ultrices vel, augue. Vestibulum ante ipsum primis in faucibus orci luctus et ultrices posuere cubilia Curae; Donec pharetra, magna vestibulum aliquet ultrices, erat tortor sollicitudin mi, sit amet lobortis sapien sapien non mi. Integer ac neque."
5f7415b7fc13ae4bad000139,23,47,2019-11-23T17:00:54Z,2,Integer tincidunt ante vel ipsum. Praesent blandit lacinia erat. Vestibulum sed magna at nunc commodo placerat.
5f7415b7fc13ae4bad00013a,43,17,2020-05-22T13:33:15Z,1,"Nam ultrices, libero non mattis pulvinar, nulla pede ullamcorper augue, a suscipit nulla elit ac nulla. Sed vel enim sit amet nunc viverra dapibus. Nulla suscipit ligula in lacus."
5f7415b7fc13ae4bad00013b,33,45,2020-01-08T17:38:06Z,3,Pellentesque at nulla. Suspendisse potenti. Cras in purus eu magna vulputate luctus.
5f7415b7fc13ae4bad00013c,32,37,2020-03-03T04:45:31Z,10,Aenean lectus. Pellentesque eget nunc. Donec quis orci eget orci vehicula condimentum.
5f7415b7fc13ae4bad00013d,17,23,2020-02-05T12:57:53Z,2,Integer ac leo. Pellentesque ultrices mattis odio. Donec vitae nisi.
5f7415b7fc13ae4bad00013e,36,26,2020-04-12T10:43:00Z,3,Pellentesque at nulla. Suspendisse potenti. Cras in purus eu magna vulputate luctus.
5f7415b7fc13ae4bad00013f,33,9,2019-10-20T11:47:30Z,6,Fusce consequat. Nulla nisl. Nunc nisl.
5f7415b7fc13ae4bad000140,15,12,2020-06-18T01:03:02Z,7,Integer tincidunt ante vel ipsum. Praesent blandit lacinia erat. Vestibulum sed magna at nunc commodo placerat.
5f7415b7fc13ae4bad000141,40,33,2020-09-18T00:45:52Z,10,"Duis bibendum, felis sed interdum venenatis, turpis enim blandit mi, in porttitor pede justo eu massa. Donec dapibus. Duis at velit eu est congue elementum."
5f7415b7fc13ae4bad000142,41,36,2020-02-21T10:36:24Z,9,Integer ac leo. Pellentesque ultrices mattis odio. Donec vitae nisi.
5f7415b7fc13ae4bad000143,42,10,2020-07-10T23:05:53Z,2,Etiam vel augue. Vestibulum rutrum rutrum neque. Aenean auctor gravida sem.
5f7415b7fc13ae4bad000144,25,7,2020-02-05T18:56:25Z,6,"Lorem ipsum dolor sit amet, consectetuer adipiscing elit. Proin risus. Praesent lectus."
5f7415b7fc13ae4bad000145,41,28,2020-04-22T15:20:29Z,7,Duis consequat dui nec nisi volutpat eleifend. Donec ut dolor. Morbi vel lectus in quam fringilla rhoncus.
5f7415b7fc13ae4bad000146,3,27,2020-01-28T14:21:21Z,9,Praesent id massa id nisl venenatis lacinia. Aenean sit amet justo. Morbi ut odio.
5f7415b7fc13ae4bad000147,9,36,2019-11-25T04:25:02Z,9,"Maecenas tristique, est et tempus semper, est quam pharetra magna, ac consequat metus sapien ut nunc. Vestibulum ante ipsum primis in faucibus orci luctus et ultrices posuere cubilia Curae; Mauris viverra diam vitae quam. Suspendisse potenti."
5f7415b7fc13ae4bad000148,39,49,2020-05-28T16:28:12Z,6,"Proin eu mi. Nulla ac enim. In tempor, turpis nec euismod scelerisque, quam turpis adipiscing lorem, vitae mattis nibh ligula nec sem."
5f7415b7fc13ae4bad000149,45,13,2020-04-15T14:26:18Z,5,"Donec diam neque, vestibulum eget, vulputate ut, ultrices vel, augue. Vestibulum ante ipsum primis in faucibus orci luctus et ultrices posuere cubilia Curae; Donec pharetra, magna vestibulum aliquet ultrices, erat tortor sollicitudin mi, sit amet lobortis sapien sapien non mi. Integer ac neque."
5f7415b7fc13ae4bad00014a,3,45,2020-05-24T06:42:35Z,1,"Quisque porta volutpat erat. Quisque erat eros, viverra eget, congue eget, semper rutrum, nulla. Nunc purus."
5f7415b7fc13ae4bad00014b,42,41,2020-03-24T07:33:38Z,5,Cras non velit nec nisi vulputate nonummy. Maecenas tincidunt lacus at velit. Vivamus vel nulla eget eros elementum pellentesque.
5f7415b7fc13ae4bad00014c,36,49,2020-07-06T13:34:25Z,6,Praesent id massa id nisl venenatis lacinia. Aenean sit amet justo. Morbi ut odio.
5f7415b7fc13ae4bad00014d,26,29,2020-08-01T13:44:39Z,8,"Proin leo odio, porttitor id, consequat in, consequat ut, nulla. Sed accumsan felis. Ut at dolor quis odio consequat varius."
5f7415b7fc13ae4bad00014e,41,10,2020-03-11T10:22:18Z,10,Maecenas ut massa quis augue luctus tincidunt. Nulla mollis molestie lorem. Quisque ut erat.
5f7415b7fc13ae4bad00014f,13,36,2020-03-20T14:13:27Z,8,"Vestibulum quam sapien, varius ut, blandit non, interdum in, ante. Vestibulum ante ipsum primis in faucibus orci luctus et ultrices posuere cubilia Curae; Duis faucibus accumsan odio. Curabitur convallis."
5f7415b7fc13ae4bad000150,18,30,2019-11-13T13:29:43Z,7,Duis consequat dui nec nisi volutpat eleifend. Donec ut dolor. Morbi vel lectus in quam fringilla rhoncus.
5f7415b7fc13ae4bad000151,8,39,2020-05-23T18:27:05Z,9,"Morbi non lectus. Aliquam sit amet diam in magna bibendum imperdiet. Nullam orci pede, venenatis non, sodales sed, tincidunt eu, felis."
5f7415b7fc13ae4bad000152,35,17,2020-05-19T20:30:56Z,8,"Fusce posuere felis sed lacus. Morbi sem mauris, laoreet ut, rhoncus aliquet, pulvinar sed, nisl. Nunc rhoncus dui vel sem."
5f7415b7fc13ae4bad000153,24,20,2020-05-08T22:40:25Z,3,Nulla ut erat id mauris vulputate elementum. Nullam varius. Nulla facilisi.
5f7415b7fc13ae4bad000154,6,50,2020-06-08T02:03:58Z,7,Etiam vel augue. Vestibulum rutrum rutrum neque. Aenean auctor gravida sem.
5f7415b7fc13ae4bad000155,22,3,2020-03-24T14:21:59Z,3,Pellentesque at nulla. Suspendisse potenti. Cras in purus eu magna vulputate luctus.
5f7415b7fc13ae4bad000156,47,43,2020-01-29T14:35:49Z,5,"Quisque porta volutpat erat. Quisque erat eros, viverra eget, congue eget, semper rutrum, nulla. Nunc purus."
5f7415b7fc13ae4bad000157,40,4,2019-11-24T12:46:28Z,6,"Curabitur in libero ut massa volutpat convallis. Morbi odio odio, elementum eu, interdum eu, tincidunt in, leo. Maecenas pulvinar lobortis est."
5f7415b7fc13ae4bad000158,21,4,2020-06-11T01:14:08Z,10,Nullam sit amet turpis elementum ligula vehicula consequat. Morbi a ipsum. Integer a nibh.
5f7415b7fc13ae4bad000159,15,42,2020-09-25T22:17:03Z,4,Cras non velit nec nisi vulputate nonummy. Maecenas tincidunt lacus at velit. Vivamus vel nulla eget eros elementum pellentesque.
5f7415b7fc13ae4bad00015a,46,42,2020-01-03T04:34:32Z,7,"Praesent blandit. Nam nulla. Integer pede justo, lacinia eget, tincidunt eget, tempus vel, pede."
5f7415b7fc13ae4bad00015b,10,38,2020-04-27T09:54:02Z,8,Nulla ut erat id mauris vulputate elementum. Nullam varius. Nulla facilisi.
5f7415b7fc13ae4bad00015c,44,50,2020-07-19T05:15:28Z,4,Nulla ut erat id mauris vulputate elementum. Nullam varius. Nulla facilisi.
5f7415b7fc13ae4bad00015d,6,25,2020-05-10T18:02:16Z,4,Etiam vel augue. Vestibulum rutrum rutrum neque. Aenean auctor gravida sem.
5f7415b7fc13ae4bad00015e,18,29,2020-02-03T17:14:53Z,1,Maecenas ut massa quis augue luctus tincidunt. Nulla mollis molestie lorem. Quisque ut erat.
5f7415b7fc13ae4bad00015f,49,2,2020-09-29T05:02:26Z,9,"Proin interdum mauris non ligula pellentesque ultrices. Phasellus id sapien in sapien iaculis congue. Vivamus metus arcu, adipiscing molestie, hendrerit at, vulputate vitae, nisl."
5f7415b7fc13ae4bad000160,28,30,2020-08-01T19:41:41Z,2,In quis justo. Maecenas rhoncus aliquam lacus. Morbi quis tortor id nulla ultrices aliquet.
5f7415b7fc13ae4bad000161,2,8,2020-09-01T03:20:30Z,5,"In sagittis dui vel nisl. Duis ac nibh. Fusce lacus purus, aliquet at, feugiat non, pretium quis, lectus."
5f7415b7fc13ae4bad000162,39,4,2020-05-21T20:58:22Z,8,"Proin leo odio, porttitor id, consequat in, consequat ut, nulla. Sed accumsan felis. Ut at dolor quis odio consequat varius."
5f7415b7fc13ae4bad000163,46,28,2020-07-16T10:49:40Z,8,Maecenas ut massa quis augue luctus tincidunt. Nulla mollis molestie lorem. Quisque ut erat.
5f7415b7fc13ae4bad000164,26,34,2020-01-11T22:43:51Z,4,In congue. Etiam justo. Etiam pretium iaculis justo.
5f7415b7fc13ae4bad000165,36,20,2020-09-03T01:31:21Z,3,Aliquam quis turpis eget elit sodales scelerisque. Mauris sit amet eros. Suspendisse accumsan tortor quis turpis.
5f7415b7fc13ae4bad000166,45,7,2020-04-09T01:03:20Z,8,"Proin leo odio, porttitor id, consequat in, consequat ut, nulla. Sed accumsan felis. Ut at dolor quis odio consequat varius."
5f7415b7fc13ae4bad000167,3,7,2020-06-13T02:02:45Z,7,"Proin leo odio, porttitor id, consequat in, consequat ut, nulla. Sed accumsan felis. Ut at dolor quis odio consequat varius."
5f7415b7fc13ae4bad000168,22,5,2019-12-18T16:32:35Z,8,"Nam ultrices, libero non mattis pulvinar, nulla pede ullamcorper augue, a suscipit nulla elit ac nulla. Sed vel enim sit amet nunc viverra dapibus. Nulla suscipit ligula in lacus."
5f7415b7fc13ae4bad000169,36,50,2019-10-24T13:39:46Z,1,Sed ante. Vivamus tortor. Duis mattis egestas metus.
5f7415b7fc13ae4bad00016a,39,40,2020-02-12T07:12:13Z,10,"Lorem ipsum dolor sit amet, consectetuer adipiscing elit. Proin risus. Praesent lectus."
5f7415b7fc13ae4bad00016b,32,7,2020-08-15T22:11:07Z,1,Nullam porttitor lacus at turpis. Donec posuere metus vitae ipsum. Aliquam non mauris.
5f7415b7fc13ae4bad00016c,16,7,2020-07-01T00:27:07Z,9,Fusce consequat. Nulla nisl. Nunc nisl.
5f7415b7fc13ae4bad00016d,50,5,2020-05-20T23:31:07Z,4,"Curabitur in libero ut massa volutpat convallis. Morbi odio odio, elementum eu, interdum eu, tincidunt in, leo. Maecenas pulvinar lobortis est."
5f7415b7fc13ae4bad00016e,37,21,2020-04-22T13:37:39Z,9,Integer tincidunt ante vel ipsum. Praesent blandit lacinia erat. Vestibulum sed magna at nunc commodo placerat.
5f7415b7fc13ae4bad00016f,42,45,2020-01-15T17:45:44Z,3,"Cum sociis natoque penatibus et magnis dis parturient montes, nascetur ridiculus mus. Vivamus vestibulum sagittis sapien. Cum sociis natoque penatibus et magnis dis parturient montes, nascetur ridiculus mus."
5f7415b7fc13ae4bad000170,31,4,2020-05-14T13:14:13Z,6,Praesent id massa id nisl venenatis lacinia. Aenean sit amet justo. Morbi ut odio.
5f7415b7fc13ae4bad000171,37,37,2019-11-11T21:36:10Z,8,Phasellus in felis. Donec semper sapien a libero. Nam dui.
5f7415b7fc13ae4bad000172,49,31,2020-01-25T17:00:18Z,2,"Proin interdum mauris non ligula pellentesque ultrices. Phasellus id sapien in sapien iaculis congue. Vivamus metus arcu, adipiscing molestie, hendrerit at, vulputate vitae, nisl."
5f7415b7fc13ae4bad000173,13,29,2020-03-16T16:20:27Z,2,Aenean lectus. Pellentesque eget nunc. Donec quis orci eget orci vehicula condimentum.
5f7415b7fc13ae4bad000174,1,4,2020-01-26T16:53:27Z,9,"Cras mi pede, malesuada in, imperdiet et, commodo vulputate, justo. In blandit ultrices enim. Lorem ipsum dolor sit amet, consectetuer adipiscing elit."
5f7415b7fc13ae4bad000175,5,42,2020-08-11T10:19:00Z,5,Integer ac leo. Pellentesque ultrices mattis odio. Donec vitae nisi.
5f7415b7fc13ae4bad000176,30,26,2020-03-25T03:39:39Z,9,"Aenean fermentum. Donec ut mauris eget massa tempor convallis. Nulla neque libero, convallis eget, eleifend luctus, ultricies eu, nibh."
5f7415b7fc13ae4bad000177,1,19,2020-06-18T17:50:30Z,6,Duis consequat dui nec nisi volutpat eleifend. Donec ut dolor. Morbi vel lectus in quam fringilla rhoncus.
5f7415b7fc13ae4bad000178,4,33,2020-09-22T20:02:36Z,6,"Cras mi pede, malesuada in, imperdiet et, commodo vulputate, justo. In blandit ultrices enim. Lorem ipsum dolor sit amet, consectetuer adipiscing elit."
5f7415b7fc13ae4bad000179,41,19,2019-11-16T14:32:47Z,1,"Aenean fermentum. Donec ut mauris eget massa tempor convallis. Nulla neque libero, convallis eget, eleifend luctus, ultricies eu, nibh."
5f7415b7fc13ae4bad00017a,17,49,2020-08-28T03:06:35Z,1,"Vestibulum quam sapien, varius ut, blandit non, interdum in, ante. Vestibulum ante ipsum primis in faucibus orci luctus et ultrices posuere cubilia Curae; Duis faucibus accumsan odio. Curabitur convallis."
5f7415b7fc13ae4bad00017b,24,35,2019-11-05T19:57:33Z,5,Praesent id massa id nisl venenatis lacinia. Aenean sit amet justo. Morbi ut odio.
5f7415b7fc13ae4bad00017c,18,3,2019-10-22T07:33:22Z,1,Duis consequat dui nec nisi volutpat eleifend. Donec ut dolor. Morbi vel lectus in quam fringilla rhoncus.
5f7415b7fc13ae4bad00017d,40,9,2019-12-31T09:43:19Z,9,"Curabitur in libero ut massa volutpat convallis. Morbi odio odio, elementum eu, interdum eu, tincidunt in, leo. Maecenas pulvinar lobortis est."
5f7415b7fc13ae4bad00017e,48,46,2020-08-01T08:11:50Z,9,Duis consequat dui nec nisi volutpat eleifend. Donec ut dolor. Morbi vel lectus in quam fringilla rhoncus.
5f7415b7fc13ae4bad00017f,33,41,2020-05-06T03:56:01Z,4,"Aenean fermentum. Donec ut mauris eget massa tempor convallis. Nulla neque libero, convallis eget, eleifend luctus, ultricies eu, nibh."
5f7415b7fc13ae4bad000180,6,6,2019-10-28T12:54:34Z,4,"Morbi non lectus. Aliquam sit amet diam in magna bibendum imperdiet. Nullam orci pede, venenatis non, sodales sed, tincidunt eu, felis."
5f7415b7fc13ae4bad000181,24,10,2019-10-15T13:42:42Z,7,"Donec diam neque, vestibulum eget, vulputate ut, ultrices vel, augue. Vestibulum ante ipsum primis in faucibus orci luctus et ultrices posuere cubilia Curae; Donec pharetra, magna vestibulum aliquet ultrices, erat tortor sollicitudin mi, sit amet lobortis sapien sapien non mi. Integer ac neque."
5f7415b7fc13ae4bad000182,6,16,2020-01-24T09:57:34Z,4,"Nam ultrices, libero non mattis pulvinar, nulla pede ullamcorper augue, a suscipit nulla elit ac nulla. Sed vel enim sit amet nunc viverra dapibus. Nulla suscipit ligula in lacus."
5f7415b7fc13ae4bad000183,46,45,2020-06-25T09:10:19Z,2,"Nam ultrices, libero non mattis pulvinar, nulla pede ullamcorper augue, a suscipit nulla elit ac nulla. Sed vel enim sit amet nunc viverra dapibus. Nulla suscipit ligula in lacus."
5f7415b7fc13ae4bad000184,22,17,2020-03-17T13:10:07Z,6,Nullam sit amet turpis elementum ligula vehicula consequat. Morbi a ipsum. Integer a nibh.
5f7415b7fc13ae4bad000185,46,28,2020-08-29T10:50:00Z,10,Phasellus in felis. Donec semper sapien a libero. Nam dui.
5f7415b7fc13ae4bad000186,41,4,2020-04-19T23:57:00Z,10,Suspendisse potenti. In eleifend quam a odio. In hac habitasse platea dictumst.
5f7415b7fc13ae4bad000187,41,33,2020-02-02T17:18:32Z,4,Nullam sit amet turpis elementum ligula vehicula consequat. Morbi a ipsum. Integer a nibh.
5f7415b7fc13ae4bad000188,19,49,2020-01-17T15:55:55Z,6,Cras non velit nec nisi vulputate nonummy. Maecenas tincidunt lacus at velit. Vivamus vel nulla eget eros elementum pellentesque.
5f7415b7fc13ae4bad000189,17,49,2020-03-15T16:27:40Z,2,In quis justo. Maecenas rhoncus aliquam lacus. Morbi quis tortor id nulla ultrices aliquet.
5f7415b7fc13ae4bad00018a,17,48,2019-10-20T23:10:15Z,2,Sed ante. Vivamus tortor. Duis mattis egestas metus.
5f7415b7fc13ae4bad00018b,25,29,2019-10-10T04:10:27Z,1,"Proin leo odio, porttitor id, consequat in, consequat ut, nulla. Sed accumsan felis. Ut at dolor quis odio consequat varius."
5f7415b7fc13ae4bad00018c,29,36,2019-12-24T10:10:53Z,8,Fusce consequat. Nulla nisl. Nunc nisl.
5f7415b7fc13ae4bad00018d,36,36,2020-07-29T13:20:40Z,8,Phasellus in felis. Donec semper sapien a libero. Nam dui.
5f7415b7fc13ae4bad00018e,7,13,2020-08-17T09:58:00Z,10,"Curabitur in libero ut massa volutpat convallis. Morbi odio odio, elementum eu, interdum eu, tincidunt in, leo. Maecenas pulvinar lobortis est."
5f7415b7fc13ae4bad00018f,13,50,2020-06-18T09:57:11Z,6,Fusce consequat. Nulla nisl. Nunc nisl.
5f7415b7fc13ae4bad000190,34,2,2019-12-11T12:25:56Z,1,"Proin leo odio, porttitor id, consequat in, consequat ut, nulla. Sed accumsan felis. Ut at dolor quis odio consequat varius."
5f7415b7fc13ae4bad000191,10,34,2020-08-02T10:55:48Z,6,"In sagittis dui vel nisl. Duis ac nibh. Fusce lacus purus, aliquet at, feugiat non, pretium quis, lectus."
5f7415b7fc13ae4bad000192,8,11,2020-01-26T05:36:35Z,7,Fusce consequat. Nulla nisl. Nunc nisl.
5f7415b7fc13ae4bad000193,12,24,2019-10-12T19:46:54Z,10,"In sagittis dui vel nisl. Duis ac nibh. Fusce lacus purus, aliquet at, feugiat non, pretium quis, lectus."
5f7415b7fc13ae4bad000194,16,11,2020-06-03T22:26:38Z,4,Etiam vel augue. Vestibulum rutrum rutrum neque. Aenean auctor gravida sem.
5f7415b7fc13ae4bad000195,9,6,2020-06-16T05:41:24Z,5,Cras non velit nec nisi vulputate nonummy. Maecenas tincidunt lacus at velit. Vivamus vel nulla eget eros elementum pellentesque.
5f7415b7fc13ae4bad000196,43,12,2020-01-21T17:16:44Z,7,"Cras mi pede, malesuada in, imperdiet et, commodo vulputate, justo. In blandit ultrices enim. Lorem ipsum dolor sit amet, consectetuer adipiscing elit."
5f7415b7fc13ae4bad000197,29,4,2020-03-31T21:15:19Z,8,Praesent id massa id nisl venenatis lacinia. Aenean sit amet justo. Morbi ut odio.
5f7415b7fc13ae4bad000198,6,39,2020-01-09T16:32:10Z,4,Duis bibendum. Morbi non quam nec dui luctus rutrum. Nulla tellus.
5f7415b7fc13ae4bad000199,43,27,2020-06-22T07:44:38Z,5,"In hac habitasse platea dictumst. Morbi vestibulum, velit id pretium iaculis, diam erat fermentum justo, nec condimentum neque sapien placerat ante. Nulla justo."
5f7415b7fc13ae4bad00019a,1,49,2020-05-14T10:56:45Z,1,"Aenean fermentum. Donec ut mauris eget massa tempor convallis. Nulla neque libero, convallis eget, eleifend luctus, ultricies eu, nibh."
5f7415b7fc13ae4bad00019b,50,12,2019-11-18T00:44:45Z,7,Duis consequat dui nec nisi volutpat eleifend. Donec ut dolor. Morbi vel lectus in quam fringilla rhoncus.
5f7415b7fc13ae4bad00019c,18,14,2020-09-17T13:03:46Z,6,Nullam porttitor lacus at turpis. Donec posuere metus vitae ipsum. Aliquam non mauris.
5f7415b7fc13ae4bad00019d,23,35,2020-02-21T16:40:46Z,9,Sed ante. Vivamus tortor. Duis mattis egestas metus.
5f7415b7fc13ae4bad00019e,46,26,2020-02-23T14:00:00Z,5,"Curabitur in libero ut massa volutpat convallis. Morbi odio odio, elementum eu, interdum eu, tincidunt in, leo. Maecenas pulvinar lobortis est."
5f7415b7fc13ae4bad00019f,18,36,2020-09-12T20:43:01Z,6,"Quisque id justo sit amet sapien dignissim vestibulum. Vestibulum ante ipsum primis in faucibus orci luctus et ultrices posuere cubilia Curae; Nulla dapibus dolor vel est. Donec odio justo, sollicitudin ut, suscipit a, feugiat et, eros."
5f7415b7fc13ae4bad0001a0,29,3,2020-07-19T05:55:26Z,4,"Sed sagittis. Nam congue, risus semper porta volutpat, quam pede lobortis ligula, sit amet eleifend pede libero quis orci. Nullam molestie nibh in lectus."
5f7415b7fc13ae4bad0001a1,19,43,2020-06-08T11:16:19Z,8,"Vestibulum ac est lacinia nisi venenatis tristique. Fusce congue, diam id ornare imperdiet, sapien urna pretium nisl, ut volutpat sapien arcu sed augue. Aliquam erat volutpat."
5f7415b7fc13ae4bad0001a2,48,41,2020-09-19T23:04:31Z,2,"In hac habitasse platea dictumst. Morbi vestibulum, velit id pretium iaculis, diam erat fermentum justo, nec condimentum neque sapien placerat ante. Nulla justo."
5f7415b7fc13ae4bad0001a3,36,24,2020-02-29T15:00:24Z,8,"Vestibulum quam sapien, varius ut, blandit non, interdum in, ante. Vestibulum ante ipsum primis in faucibus orci luctus et ultrices posuere cubilia Curae; Duis faucibus accumsan odio. Curabitur convallis."
5f7415b7fc13ae4bad0001a4,47,12,2020-04-07T00:48:27Z,8,"Morbi non lectus. Aliquam sit amet diam in magna bibendum imperdiet. Nullam orci pede, venenatis non, sodales sed, tincidunt eu, felis."
5f7415b7fc13ae4bad0001a5,13,20,2020-08-25T20:57:47Z,1,"Duis bibendum, felis sed interdum venenatis, turpis enim blandit mi, in porttitor pede justo eu massa. Donec dapibus. Duis at velit eu est congue elementum."
5f7415b7fc13ae4bad0001a6,14,8,2020-07-25T12:56:49Z,9,Praesent id massa id nisl venenatis lacinia. Aenean sit amet justo. Morbi ut odio.
5f7415b7fc13ae4bad0001a7,11,19,2020-03-31T14:50:05Z,2,"In sagittis dui vel nisl. Duis ac nibh. Fusce lacus purus, aliquet at, feugiat non, pretium quis, lectus."
5f7415b7fc13ae4bad0001a8,47,5,2019-10-23T05:27:18Z,10,Sed ante. Vivamus tortor. Duis mattis egestas metus.
5f7415b7fc13ae4bad0001a9,28,15,2019-12-10T17:30:53Z,9,"Donec diam neque, vestibulum eget, vulputate ut, ultrices vel, augue. Vestibulum ante ipsum primis in faucibus orci luctus et ultrices posuere cubilia Curae; Donec pharetra, magna vestibulum aliquet ultrices, erat tortor sollicitudin mi, sit amet lobortis sapien sapien non mi. Integer ac neque."
5f7415b7fc13ae4bad0001aa,2,9,2020-07-02T13:20:41Z,10,In hac habitasse platea dictumst. Etiam faucibus cursus urna. Ut tellus.
5f7415b7fc13ae4bad0001ab,25,9,2020-03-25T19:16:30Z,8,Aenean lectus. Pellentesque eget nunc. Donec quis orci eget orci vehicula condimentum.
5f7415b7fc13ae4bad0001ac,36,3,2020-01-06T06:40:16Z,7,"Duis bibendum, felis sed interdum venenatis, turpis enim blandit mi, in porttitor pede justo eu massa. Donec dapibus. Duis at velit eu est congue elementum."
5f7415b7fc13ae4bad0001ad,16,44,2020-05-16T21:20:50Z,2,Nulla ut erat id mauris vulputate elementum. Nullam varius. Nulla facilisi.
5f7415b7fc13ae4bad0001ae,42,1,2020-04-28T02:45:30Z,1,Duis bibendum. Morbi non quam nec dui luctus rutrum. Nulla tellus.
5f7415b7fc13ae4bad0001af,36,14,2020-02-29T04:49:29Z,3,"Proin eu mi. Nulla ac enim. In tempor, turpis nec euismod scelerisque, quam turpis adipiscing lorem, vitae mattis nibh ligula nec sem."
5f7415b7fc13ae4bad0001b0,15,19,2020-09-24T04:45:10Z,2,"Fusce posuere felis sed lacus. Morbi sem mauris, laoreet ut, rhoncus aliquet, pulvinar sed, nisl. Nunc rhoncus dui vel sem."
5f7415b7fc13ae4bad0001b1,13,23,2020-01-15T21:24:53Z,10,"Maecenas tristique, est et tempus semper, est quam pharetra magna, ac consequat metus sapien ut nunc. Vestibulum ante ipsum primis in faucibus orci luctus et ultrices posuere cubilia Curae; Mauris viverra diam vitae quam. Suspendisse potenti."
5f7415b7fc13ae4bad0001b2,38,32,2020-08-16T01:01:12Z,4,"Morbi non lectus. Aliquam sit amet diam in magna bibendum imperdiet. Nullam orci pede, venenatis non, sodales sed, tincidunt eu, felis."
5f7415b7fc13ae4bad0001b3,5,48,2020-02-28T14:32:00Z,1,"Curabitur in libero ut massa volutpat convallis. Morbi odio odio, elementum eu, interdum eu, tincidunt in, leo. Maecenas pulvinar lobortis est."
5f7415b7fc13ae4bad0001b4,5,5,2019-11-11T00:40:28Z,6,"Maecenas leo odio, condimentum id, luctus nec, molestie sed, justo. Pellentesque viverra pede ac diam. Cras pellentesque volutpat dui."
5f7415b7fc13ae4bad0001b5,14,49,2020-06-13T09:57:36Z,10,"Proin eu mi. Nulla ac enim. In tempor, turpis nec euismod scelerisque, quam turpis adipiscing lorem, vitae mattis nibh ligula nec sem."
5f7415b7fc13ae4bad0001b6,6,30,2020-05-04T03:20:41Z,6,"Cras mi pede, malesuada in, imperdiet et, commodo vulputate, justo. In blandit ultrices enim. Lorem ipsum dolor sit amet, consectetuer adipiscing elit."
5f7415b7fc13ae4bad0001b7,11,1,2019-12-15T15:07:39Z,8,Integer ac leo. Pellentesque ultrices mattis odio. Donec vitae nisi.
5f7415b7fc13ae4bad0001b8,5,12,2020-09-01T07:40:25Z,1,Etiam vel augue. Vestibulum rutrum rutrum neque. Aenean auctor gravida sem.
5f7415b7fc13ae4bad0001b9,47,38,2019-12-26T03:55:06Z,8,"Sed sagittis. Nam congue, risus semper porta volutpat, quam pede lobortis ligula, sit amet eleifend pede libero quis orci. Nullam molestie nibh in lectus."
5f7415b7fc13ae4bad0001ba,45,2,2020-01-14T22:50:42Z,4,"Curabitur in libero ut massa volutpat convallis. Morbi odio odio, elementum eu, interdum eu, tincidunt in, leo. Maecenas pulvinar lobortis est."
5f7415b7fc13ae4bad0001bb,42,47,2020-07-23T15:48:59Z,6,Duis consequat dui nec nisi volutpat eleifend. Donec ut dolor. Morbi vel lectus in quam fringilla rhoncus.
5f7415b7fc13ae4bad0001bc,4,8,2020-03-17T06:26:18Z,9,Nullam sit amet turpis elementum ligula vehicula consequat. Morbi a ipsum. Integer a nibh.
5f7415b7fc13ae4bad0001bd,30,10,2020-07-12T17:06:27Z,6,"Proin eu mi. Nulla ac enim. In tempor, turpis nec euismod scelerisque, quam turpis adipiscing lorem, vitae mattis nibh ligula nec sem."
5f7415b7fc13ae4bad0001be,32,12,2020-01-03T14:29:32Z,1,Cras non velit nec nisi vulputate nonummy. Maecenas tincidunt lacus at velit. Vivamus vel nulla eget eros elementum pellentesque.
5f7415b7fc13ae4bad0001bf,26,9,2019-11-15T20:34:24Z,7,"Mauris enim leo, rhoncus sed, vestibulum sit amet, cursus id, turpis. Integer aliquet, massa id lobortis convallis, tortor risus dapibus augue, vel accumsan tellus nisi eu orci. Mauris lacinia sapien quis libero."
5f7415b7fc13ae4bad0001c0,29,15,2019-12-09T01:02:03Z,6,In hac habitasse platea dictumst. Etiam faucibus cursus urna. Ut tellus.
5f7415b7fc13ae4bad0001c1,6,47,2020-05-22T19:51:55Z,7,"Vestibulum ac est lacinia nisi venenatis tristique. Fusce congue, diam id ornare imperdiet, sapien urna pretium nisl, ut volutpat sapien arcu sed augue. Aliquam erat volutpat."
5f7415b7fc13ae4bad0001c2,14,44,2020-06-04T12:15:11Z,7,In quis justo. Maecenas rhoncus aliquam lacus. Morbi quis tortor id nulla ultrices aliquet.
5f7415b7fc13ae4bad0001c3,40,1,2020-01-14T01:16:51Z,3,Phasellus sit amet erat. Nulla tempus. Vivamus in felis eu sapien cursus vestibulum.
5f7415b7fc13ae4bad0001c4,14,11,2020-05-10T01:13:16Z,2,"Curabitur at ipsum ac tellus semper interdum. Mauris ullamcorper purus sit amet nulla. Quisque arcu libero, rutrum ac, lobortis vel, dapibus at, diam."
5f7415b7fc13ae4bad0001c5,41,50,2020-02-20T06:47:43Z,3,In quis justo. Maecenas rhoncus aliquam lacus. Morbi quis tortor id nulla ultrices aliquet.
5f7415b7fc13ae4bad0001c6,12,34,2020-02-20T06:22:45Z,10,"Duis bibendum, felis sed interdum venenatis, turpis enim blandit mi, in porttitor pede justo eu massa. Donec dapibus. Duis at velit eu est congue elementum."
5f7415b7fc13ae4bad0001c7,37,1,2020-04-19T05:23:10Z,8,Suspendisse potenti. In eleifend quam a odio. In hac habitasse platea dictumst.
5f7415b7fc13ae4bad0001c8,15,3,2020-09-14T05:57:09Z,5,Integer ac leo. Pellentesque ultrices mattis odio. Donec vitae nisi.
5f7415b7fc13ae4bad0001c9,15,34,2020-07-21T16:00:42Z,3,Cras non velit nec nisi vulputate nonummy. Maecenas tincidunt lacus at velit. Vivamus vel nulla eget eros elementum pellentesque.
5f7415b7fc13ae4bad0001ca,10,13,2020-05-10T15:19:51Z,7,"Vestibulum ac est lacinia nisi venenatis tristique. Fusce congue, diam id ornare imperdiet, sapien urna pretium nisl, ut volutpat sapien arcu sed augue. Aliquam erat volutpat."
5f7415b7fc13ae4bad0001cb,49,12,2020-07-11T02:02:25Z,6,"Cum sociis natoque penatibus et magnis dis parturient montes, nascetur ridiculus mus. Vivamus vestibulum sagittis sapien. Cum sociis natoque penatibus et magnis dis parturient montes, nascetur ridiculus mus."
5f7415b7fc13ae4bad0001cc,5,22,2020-05-10T22:39:09Z,7,"Proin eu mi. Nulla ac enim. In tempor, turpis nec euismod scelerisque, quam turpis adipiscing lorem, vitae mattis nibh ligula nec sem."
5f7415b7fc13ae4bad0001cd,39,10,2020-04-23T12:27:43Z,7,"Donec diam neque, vestibulum eget, vulputate ut, ultrices vel, augue. Vestibulum ante ipsum primis in faucibus orci luctus et ultrices posuere cubilia Curae; Donec pharetra, magna vestibulum aliquet ultrices, erat tortor sollicitudin mi, sit amet lobortis sapien sapien non mi. Integer ac neque."
5f7415b7fc13ae4bad0001ce,18,41,2019-11-30T20:47:06Z,7,"Proin eu mi. Nulla ac enim. In tempor, turpis nec euismod scelerisque, quam turpis adipiscing lorem, vitae mattis nibh ligula nec sem."
5f7415b7fc13ae4bad0001cf,7,24,2019-10-09T09:39:20Z,7,"Proin interdum mauris non ligula pellentesque ultrices. Phasellus id sapien in sapien iaculis congue. Vivamus metus arcu, adipiscing molestie, hendrerit at, vulputate vitae, nisl."
5f7415b7fc13ae4bad0001d0,27,27,2020-03-17T10:04:30Z,3,Integer ac leo. Pellentesque ultrices mattis odio. Donec vitae nisi.
5f7415b7fc13ae4bad0001d1,1,23,2020-09-17T11:04:10Z,3,"Nam ultrices, libero non mattis pulvinar, nulla pede ullamcorper augue, a suscipit nulla elit ac nulla. Sed vel enim sit amet nunc viverra dapibus. Nulla suscipit ligula in lacus."
5f7415b7fc13ae4bad0001d2,46,24,2020-05-31T15:10:29Z,6,"Curabitur in libero ut massa volutpat convallis. Morbi odio odio, elementum eu, interdum eu, tincidunt in, leo. Maecenas pulvinar lobortis est."
5f7415b7fc13ae4bad0001d3,33,12,2020-01-19T21:15:06Z,6,In quis justo. Maecenas rhoncus aliquam lacus. Morbi quis tortor id nulla ultrices aliquet.
5f7415b7fc13ae4bad0001d4,3,44,2020-04-16T21:49:16Z,8,"Maecenas leo odio, condimentum id, luctus nec, molestie sed, justo. Pellentesque viverra pede ac diam. Cras pellentesque volutpat dui."
5f7415b7fc13ae4bad0001d5,10,34,2019-10-19T03:35:25Z,6,Pellentesque at nulla. Suspendisse potenti. Cras in purus eu magna vulputate luctus.
5f7415b7fc13ae4bad0001d6,36,43,2019-12-17T12:12:24Z,10,Sed ante. Vivamus tortor. Duis mattis egestas metus.
5f7415b7fc13ae4bad0001d7,12,16,2020-06-21T18:46:56Z,3,"Proin leo odio, porttitor id, consequat in, consequat ut, nulla. Sed accumsan felis. Ut at dolor quis odio consequat varius."
5f7415b7fc13ae4bad0001d8,8,11,2019-11-14T02:47:46Z,1,Duis bibendum. Morbi non quam nec dui luctus rutrum. Nulla tellus.
5f7415b7fc13ae4bad0001d9,34,24,2020-01-24T09:38:23Z,9,"Proin eu mi. Nulla ac enim. In tempor, turpis nec euismod scelerisque, quam turpis adipiscing lorem, vitae mattis nibh ligula nec sem."
5f7415b7fc13ae4bad0001da,2,18,2020-09-01T05:36:01Z,3,Fusce consequat. Nulla nisl. Nunc nisl.
5f7415b7fc13ae4bad0001db,3,26,2020-01-03T04:52:36Z,4,In hac habitasse platea dictumst. Etiam faucibus cursus urna. Ut tellus.
5f7415b7fc13ae4bad0001dc,39,31,2020-06-05T22:01:26Z,4,Aliquam quis turpis eget elit sodales scelerisque. Mauris sit amet eros. Suspendisse accumsan tortor quis turpis.
5f7415b7fc13ae4bad0001dd,8,13,2019-10-04T12:04:58Z,6,"Proin eu mi. Nulla ac enim. In tempor, turpis nec euismod scelerisque, quam turpis adipiscing lorem, vitae mattis nibh ligula nec sem."
5f7415b7fc13ae4bad0001de,34,13,2020-09-03T14:58:34Z,7,Integer tincidunt ante vel ipsum. Praesent blandit lacinia erat. Vestibulum sed magna at nunc commodo placerat.
5f7415b7fc13ae4bad0001df,33,49,2020-09-20T06:34:25Z,2,Fusce consequat. Nulla nisl. Nunc nisl.
5f7415b7fc13ae4bad0001e0,27,46,2020-04-16T12:52:51Z,3,"Curabitur in libero ut massa volutpat convallis. Morbi odio odio, elementum eu, interdum eu, tincidunt in, leo. Maecenas pulvinar lobortis est."
5f7415b7fc13ae4bad0001e1,39,30,2020-07-05T17:23:21Z,3,"Vestibulum ac est lacinia nisi venenatis tristique. Fusce congue, diam id ornare imperdiet, sapien urna pretium nisl, ut volutpat sapien arcu sed augue. Aliquam erat volutpat."
5f7415b7fc13ae4bad0001e2,7,16,2020-05-12T22:00:51Z,6,"Maecenas tristique, est et tempus semper, est quam pharetra magna, ac consequat metus sapien ut nunc. Vestibulum ante ipsum primis in faucibus orci luctus et ultrices posuere cubilia Curae; Mauris viverra diam vitae quam. Suspendisse potenti."
5f7415b7fc13ae4bad0001e3,28,46,2020-08-08T12:16:45Z,9,"Curabitur at ipsum ac tellus semper interdum. Mauris ullamcorper purus sit amet nulla. Quisque arcu libero, rutrum ac, lobortis vel, dapibus at, diam."
5f7415b7fc13ae4bad0001e4,16,16,2020-07-14T21:41:14Z,5,"Proin interdum mauris non ligula pellentesque ultrices. Phasellus id sapien in sapien iaculis congue. Vivamus metus arcu, adipiscing molestie, hendrerit at, vulputate vitae, nisl."
5f7415b7fc13ae4bad0001e5,31,33,2019-12-25T03:53:17Z,3,"Proin interdum mauris non ligula pellentesque ultrices. Phasellus id sapien in sapien iaculis congue. Vivamus metus arcu, adipiscing molestie, hendrerit at, vulputate vitae, nisl."
5f7415b7fc13ae4bad0001e6,42,39,2019-10-29T02:40:53Z,6,Duis consequat dui nec nisi volutpat eleifend. Donec ut dolor. Morbi vel lectus in quam fringilla rhoncus.
5f7415b7fc13ae4bad0001e7,43,12,2020-01-30T20:34:36Z,6,"Lorem ipsum dolor sit amet, consectetuer adipiscing elit. Proin risus. Praesent lectus."
5f7415b7fc13ae4bad0001e8,26,41,2020-08-24T13:24:03Z,3,"Curabitur in libero ut massa volutpat convallis. Morbi odio odio, elementum eu, interdum eu, tincidunt in, leo. Maecenas pulvinar lobortis est."
5f7415b7fc13ae4bad0001e9,5,11,2019-10-04T02:36:31Z,8,Sed ante. Vivamus tortor. Duis mattis egestas metus.
5f7415b7fc13ae4bad0001ea,49,41,2019-12-01T15:08:45Z,8,"Cras mi pede, malesuada in, imperdiet et, commodo vulputate, justo. In blandit ultrices enim. Lorem ipsum dolor sit amet, consectetuer adipiscing elit."
5f7415b7fc13ae4bad0001eb,13,12,2020-09-17T21:23:09Z,3,Nulla ut erat id mauris vulputate elementum. Nullam varius. Nulla facilisi.
5f7415b7fc13ae4bad0001ec,19,14,2019-10-25T10:43:21Z,4,Etiam vel augue. Vestibulum rutrum rutrum neque. Aenean auctor gravida sem.
5f7415b7fc13ae4bad0001ed,16,24,2020-04-21T14:46:24Z,3,"In sagittis dui vel nisl. Duis ac nibh. Fusce lacus purus, aliquet at, feugiat non, pretium quis, lectus."
5f7415b7fc13ae4bad0001ee,38,35,2020-01-09T16:10:08Z,9,Nullam sit amet turpis elementum ligula vehicula consequat. Morbi a ipsum. Integer a nibh.
5f7415b7fc13ae4bad0001ef,45,13,2020-04-17T18:39:19Z,6,Etiam vel augue. Vestibulum rutrum rutrum neque. Aenean auctor gravida sem.
5f7415b7fc13ae4bad0001f0,21,1,2020-09-10T16:54:44Z,6,"Curabitur in libero ut massa volutpat convallis. Morbi odio odio, elementum eu, interdum eu, tincidunt in, leo. Maecenas pulvinar lobortis est."
5f7415b7fc13ae4bad0001f1,25,14,2020-07-11T18:23:25Z,1,"Nam ultrices, libero non mattis pulvinar, nulla pede ullamcorper augue, a suscipit nulla elit ac nulla. Sed vel enim sit amet nunc viverra dapibus. Nulla suscipit ligula in lacus."
5f7415b7fc13ae4bad0001f2,5,6,2020-04-09T11:25:59Z,8,"Proin interdum mauris non ligula pellentesque ultrices. Phasellus id sapien in sapien iaculis congue. Vivamus metus arcu, adipiscing molestie, hendrerit at, vulputate vitae, nisl."
5f7415b7fc13ae4bad0001f3,37,36,2020-01-31T11:09:06Z,5,"Maecenas leo odio, condimentum id, luctus nec, molestie sed, justo. Pellentesque viverra pede ac diam. Cras pellentesque volutpat dui."
